,,P40,P41,P42,P43,P44,P45,P46,Baro,T1,T2,T3
,,1,2,3,4,5,6,7,,,,
,,[PSI],[PSI],[PSI],[PSI],[PSI],[PSI],[PSI],[in.hga],[°C],[°C],[°C]
6/13/2018,7:06:40 PM,29.064,29.761,29.107,29.761,29.747,29.425,29.732,28.666,30.805,30.909,30.755
6/13/2018,7:23:20 PM,26.047,29.572,27.702,29.335,29.5,28.598,29.324,28.664,30.32,30.393,30.132
6/13/2018,7:40:00 PM,23.891,29.429,26.441,29.083,29.295,27.814,28.959,28.663,30.27,30.387,30.198
6/13/2018,7:56:40 PM,22.012,29.315,25.312,28.912,29.056,27.053,28.604,28.657,30.103,30.245,29.969
6/13/2018,8:13:20 PM,20.522,29.145,24.653,28.78,28.792,26.346,28.305,28.658,30.16,30.233,29.977
6/13/2018,8:30:00 PM,19.284,29.055,24.01,28.707,28.584,25.667,28.028,28.655,30.117,30.196,29.944
6/13/2018,8:46:40 PM,18.193,28.911,23.354,28.623,28.35,25.044,27.797,28.654,30.197,30.292,30.037
6/13/2018,9:03:20 PM,17.281,28.807,22.767,28.54,28.182,24.432,27.58,28.656,30.116,30.209,30.025
6/13/2018,9:20:00 PM,16.476,28.67,22.205,28.468,27.952,23.812,27.374,28.66,30.201,30.286,29.991
6/13/2018,9:36:40 PM,15.781,28.557,21.639,28.405,27.768,23.206,27.214,28.664,30.142,30.273,29.953
6/13/2018,9:53:20 PM,15.196,28.412,21.096,28.356,27.586,22.689,27.072,28.67,30.151,30.257,30.027
6/13/2018,10:10:00 PM,14.645,28.316,20.564,28.287,27.347,22.113,26.888,28.664,30.059,30.132,29.948
6/13/2018,10:26:40 PM,14.189,28.197,20.074,28.233,27.158,21.61,26.706,28.66,30.259,30.331,30.08
6/13/2018,10:43:20 PM,13.777,28.054,19.584,28.171,26.952,21.099,26.524,28.665,29.967,30.065,29.74
6/13/2018,11:00:00 PM,13.388,27.944,19.099,28.113,26.728,20.587,26.342,28.667,30.089,30.196,29.974
6/13/2018,11:16:40 PM,13.062,27.822,18.629,28.054,26.547,20.131,26.127,28.666,30.075,30.147,29.883
6/13/2018,11:33:20 PM,12.73,27.671,18.182,27.986,26.379,19.659,25.921,28.672,29.96,30.067,29.77
6/13/2018,11:50:00 PM,12.415,27.566,17.713,27.925,26.141,19.189,25.735,28.675,29.97,30.04,29.749
6/14/2018,12:06:40 AM,12.148,27.469,17.286,27.873,25.979,18.747,25.547,28.685,29.975,30.027,29.809
6/14/2018,12:23:20 AM,11.874,27.301,16.853,27.78,25.776,18.315,25.305,28.693,30.082,30.124,29.932
6/14/2018,12:40:00 AM,11.595,27.213,16.432,27.723,25.577,17.9,25.138,28.701,29.852,29.902,29.636
6/14/2018,12:56:40 AM,11.318,27.064,16.02,27.678,25.431,17.485,24.961,28.698,29.744,29.816,29.562
6/14/2018,1:13:20 AM,11.075,26.972,15.608,27.603,25.217,17.104,24.743,28.694,29.689,29.739,29.35
6/14/2018,1:30:00 AM,10.86,26.866,15.259,27.574,25.079,16.745,24.59,28.711,29.746,29.845,29.403
6/14/2018,1:46:40 AM,10.648,26.767,14.895,27.561,24.921,16.409,24.426,28.723,29.895,29.994,29.564
6/14/2018,2:03:20 AM,10.425,26.685,14.554,27.507,24.765,16.026,24.251,28.724,29.975,30.042,29.726
6/14/2018,2:20:00 AM,10.208,26.581,14.213,27.462,24.609,15.692,24.11,28.728,30.06,30.071,29.755
6/14/2018,2:36:40 AM,10.023,26.467,13.878,27.425,24.498,15.379,23.933,28.742,30.093,30.14,29.827
6/14/2018,2:53:20 AM,9.853,26.349,13.537,27.391,24.322,15.053,23.73,28.754,30.203,30.248,29.985
6/14/2018,3:10:00 AM,9.669,26.243,13.224,27.337,24.172,14.763,23.585,28.764,30.199,30.248,29.936
6/14/2018,3:26:40 AM,9.519,26.138,12.896,27.299,24.015,14.429,23.458,28.764,30.162,30.193,29.864
6/14/2018,3:43:20 AM,9.329,26.023,12.582,27.224,23.84,14.142,23.275,28.773,30.164,30.256,29.913
6/14/2018,4:00:00 AM,9.168,25.938,12.279,27.189,23.707,13.855,23.133,28.783,30.047,30.094,29.752
6/14/2018,4:16:40 AM,9.021,25.811,11.982,27.119,23.524,13.584,22.937,28.786,30.028,30.11,29.73
6/14/2018,4:33:20 AM,8.885,25.693,11.693,27.101,23.372,13.29,22.811,28.783,29.98,30.075,29.739
6/14/2018,4:50:00 AM,8.727,25.597,11.413,27.046,23.258,13.029,22.657,28.785,29.984,30.054,29.702
6/14/2018,5:06:40 AM,8.588,25.481,11.128,26.999,23.097,12.765,22.501,28.769,30.093,30.145,29.88
6/14/2018,5:23:20 AM,8.488,25.418,10.872,26.966,22.927,12.514,22.346,28.775,30.4,30.486,29.996
6/14/2018,5:40:00 AM,8.382,25.366,10.637,26.948,22.816,12.292,22.238,28.779,30.816,30.88,30.413
6/14/2018,5:56:40 AM,8.279,25.23,10.395,26.921,22.687,12.064,22.104,28.79,31.242,31.319,30.891
6/14/2018,6:13:20 AM,8.195,25.159,10.13,26.917,22.567,11.833,21.977,28.789,31.539,31.596,31.211
6/14/2018,6:30:00 AM,8.069,25.071,9.914,26.861,22.445,11.659,21.83,28.801,31.447,31.495,31.166
6/14/2018,6:46:40 AM,7.982,24.978,9.711,26.816,22.323,11.428,21.718,28.802,31.52,31.534,31.252
6/14/2018,7:03:20 AM,7.901,24.862,9.459,26.784,22.202,11.189,21.582,28.805,31.529,31.564,31.262
6/14/2018,7:20:00 AM,7.805,24.795,9.259,26.772,22.063,11,21.49,28.805,31.596,31.62,31.334
6/14/2018,7:36:40 AM,7.718,24.705,9.049,26.713,21.922,10.812,21.377,28.802,31.607,31.627,31.351
6/14/2018,7:53:20 AM,7.64,24.604,8.844,26.668,21.792,10.611,21.243,28.804,31.688,31.704,31.416
6/14/2018,8:10:00 AM,7.574,24.508,8.636,26.653,21.634,10.433,21.118,28.803,31.769,31.789,31.473
6/14/2018,8:26:40 AM,7.49,24.426,8.463,26.587,21.548,10.227,20.984,28.816,31.805,31.827,31.524
6/14/2018,8:43:20 AM,7.393,24.335,8.263,26.555,21.408,10.042,20.87,28.813,31.978,32.003,31.684
6/14/2018,9:00:00 AM,7.361,24.214,8.082,26.504,21.257,9.888,20.761,28.818,31.973,32.002,31.689
6/14/2018,9:16:40 AM,7.293,24.121,7.876,26.465,21.117,9.689,20.642,28.825,31.948,31.96,31.635
6/14/2018,9:33:20 AM,7.25,24.04,7.726,26.419,21.004,9.495,20.522,28.827,31.935,31.955,31.666
6/14/2018,9:50:00 AM,7.198,23.949,7.553,26.366,20.916,9.327,20.43,28.828,31.996,32.025,31.705
6/14/2018,10:06:40 AM,7.128,23.854,7.372,26.36,20.772,9.189,20.3,28.832,31.91,31.938,31.609
6/14/2018,10:23:20 AM,7.058,23.769,7.231,26.31,20.627,9.011,20.191,28.835,31.959,31.979,31.648
6/14/2018,10:40:00 AM,7.01,23.679,7.037,26.262,20.531,8.864,20.064,28.84,31.96,31.979,31.654
6/14/2018,10:56:40 AM,6.987,23.599,6.915,26.212,20.37,8.712,19.976,28.842,31.985,32.006,31.694
6/14/2018,11:13:20 AM,6.928,23.494,6.754,26.179,20.279,8.544,19.871,28.842,31.921,31.946,31.632
6/14/2018,11:30:00 AM,6.875,23.417,6.612,26.142,20.141,8.447,19.756,28.842,32.027,32.051,31.745
6/14/2018,11:46:40 AM,6.853,23.337,6.482,26.096,20.061,8.272,19.657,28.843,32.064,32.07,31.759
6/14/2018,12:03:20 PM,6.799,23.223,6.335,26.076,19.883,8.124,19.543,28.85,32.245,32.263,32.01
6/14/2018,12:20:00 PM,6.777,23.165,6.226,26.041,19.834,8.02,19.438,28.853,32.445,32.467,32.192
6/14/2018,12:36:40 PM,6.717,23.068,6.079,25.979,19.706,7.895,19.338,28.859,32.5,32.528,32.275
6/14/2018,12:53:20 PM,6.693,22.989,5.974,25.966,19.594,7.749,19.248,28.865,32.614,32.64,32.389
6/14/2018,1:10:00 PM,6.638,22.863,5.821,25.882,19.478,7.605,19.102,28.867,32.232,32.279,32.21
6/14/2018,1:26:40 PM,6.553,22.785,5.674,25.817,19.307,7.465,18.993,28.861,30.993,31.005,30.76
6/14/2018,1:43:20 PM,6.529,22.66,5.545,25.771,19.179,7.352,18.864,28.864,30.585,30.625,30.351
6/14/2018,2:00:00 PM,6.465,22.558,5.434,25.711,19.046,7.22,18.746,28.85,30.549,30.593,30.238
6/14/2018,2:16:40 PM,6.444,22.459,5.293,25.616,18.961,7.076,18.643,28.852,30.166,30.268,29.957
6/14/2018,2:33:20 PM,6.403,22.356,5.187,25.59,18.798,6.938,18.507,28.84,30.089,30.125,29.838
6/14/2018,2:50:00 PM,6.356,22.265,5.094,25.522,18.651,6.802,18.418,28.839,29.772,29.789,29.55
6/14/2018,3:06:40 PM,6.303,22.175,4.953,25.466,18.569,6.711,18.268,28.828,29.701,29.724,29.487
6/14/2018,3:23:20 PM,6.274,22.07,4.856,25.42,18.453,6.594,18.169,28.832,29.515,29.637,29.119
6/14/2018,3:40:00 PM,6.24,21.998,4.763,25.399,18.359,6.481,18.11,28.825,29.647,29.771,29.288
6/14/2018,3:56:40 PM,6.212,21.959,4.674,25.388,18.29,6.395,18.02,28.835,29.834,29.944,29.492
6/14/2018,4:13:20 PM,6.198,21.858,4.566,25.349,18.181,6.29,17.912,28.833,29.672,29.748,29.371
6/14/2018,4:30:00 PM,6.179,21.758,4.478,25.292,18.072,6.189,17.823,28.831,29.404,29.517,29.223
6/14/2018,4:46:40 PM,6.11,21.682,4.392,25.244,17.977,6.079,17.709,28.827,29.469,29.567,29.159
6/14/2018,5:03:20 PM,6.066,21.598,4.3,25.211,17.829,5.989,17.595,28.827,29.351,29.44,29.095
6/14/2018,5:20:00 PM,6.045,21.515,4.212,25.175,17.751,5.887,17.513,28.833,29.277,29.445,29.024
6/14/2018,5:36:40 PM,6.031,21.427,4.129,25.118,17.633,5.791,17.427,28.831,29.346,29.497,29.054
6/14/2018,5:53:20 PM,6.025,21.376,4.075,25.09,17.594,5.713,17.372,28.827,29.534,29.712,29.133
6/14/2018,6:10:00 PM,6.013,21.267,4.015,25.05,17.465,5.635,17.284,28.835,29.537,29.687,29.314
6/14/2018,6:26:40 PM,5.972,21.225,3.917,25.039,17.388,5.561,17.198,28.833,29.524,29.657,29.188
6/14/2018,6:43:20 PM,5.965,21.148,3.875,25.011,17.28,5.458,17.108,28.83,29.597,29.644,29.277
6/14/2018,7:00:00 PM,5.949,21.088,3.798,24.987,17.205,5.348,17.057,28.831,29.558,29.726,29.364
6/14/2018,7:16:40 PM,5.893,21.009,3.732,24.938,17.112,5.298,16.973,28.828,29.646,29.788,29.369
6/14/2018,7:33:20 PM,5.883,20.947,3.646,24.913,17.012,5.228,16.878,28.829,29.574,29.719,29.33
6/14/2018,7:50:00 PM,5.849,20.867,3.602,24.895,16.943,5.147,16.833,28.825,29.631,29.769,29.449
6/14/2018,8:06:40 PM,5.845,20.81,3.547,24.863,16.821,5.052,16.743,28.82,29.674,29.781,29.542
6/14/2018,8:23:20 PM,5.834,20.743,3.491,24.791,16.766,4.99,16.679,28.821,29.608,29.794,29.434
6/14/2018,8:40:00 PM,5.805,20.674,3.437,24.785,16.691,4.934,16.623,28.818,29.748,29.89,29.559
6/14/2018,8:56:40 PM,5.773,20.586,3.377,24.744,16.607,4.852,16.536,28.82,29.727,29.843,29.566
6/14/2018,9:13:20 PM,5.769,20.517,3.329,24.72,16.491,4.753,16.469,28.819,29.829,29.963,29.587
6/14/2018,9:30:00 PM,5.724,20.434,3.27,24.714,16.411,4.698,16.394,28.818,29.803,29.93,29.644
6/14/2018,9:46:40 PM,5.694,20.371,3.187,24.633,16.322,4.64,16.297,28.818,29.905,30.028,29.701
6/14/2018,10:03:20 PM,5.676,20.283,3.159,24.617,16.23,4.558,16.254,28.82,29.817,29.981,29.681
6/14/2018,10:20:00 PM,5.649,20.208,3.106,24.604,16.146,4.502,16.182,28.817,29.839,29.985,29.694
6/14/2018,10:36:40 PM,5.623,20.13,3.064,24.542,16.056,4.416,16.105,28.813,29.734,29.911,29.484
6/14/2018,10:53:20 PM,5.603,20.059,2.983,24.515,15.933,4.36,16.045,28.814,29.803,29.901,29.593
6/14/2018,11:10:00 PM,5.574,19.99,2.938,24.458,15.882,4.29,15.951,28.816,29.82,29.938,29.631
6/14/2018,11:26:40 PM,5.543,19.9,2.899,24.45,15.778,4.218,15.877,28.816,29.779,29.872,29.479
6/14/2018,11:43:20 PM,5.538,19.839,2.842,24.378,15.68,4.156,15.787,28.795,29.7,29.845,29.555
6/15/2018,12:00:00 AM,5.494,19.756,2.823,24.341,15.617,4.078,15.707,28.789,29.585,29.694,29.451
6/15/2018,12:16:40 AM,5.462,19.701,2.754,24.288,15.53,4.026,15.63,28.786,29.524,29.649,29.394
6/15/2018,12:33:20 AM,5.447,19.606,2.703,24.269,15.427,3.965,15.542,28.783,29.415,29.482,29.202
6/15/2018,12:50:00 AM,5.426,19.535,2.667,24.21,15.375,3.885,15.475,28.779,29.392,29.499,29.27
6/15/2018,1:06:40 AM,5.367,19.463,2.606,24.177,15.285,3.82,15.386,28.784,29.445,29.52,29.295
6/15/2018,1:23:20 AM,5.39,19.41,2.572,24.157,15.207,3.756,15.31,28.787,29.338,29.454,28.979
6/15/2018,1:40:00 AM,5.351,19.337,2.535,24.111,15.156,3.71,15.243,28.788,29.517,29.626,29.258
6/15/2018,1:56:40 AM,5.325,19.337,2.488,24.101,15.066,3.66,15.177,28.8,29.761,29.83,29.453
6/15/2018,2:13:20 AM,5.338,19.229,2.47,24.088,14.979,3.616,15.105,28.802,29.716,29.794,29.476
6/15/2018,2:30:00 AM,5.312,19.151,2.426,24.091,14.914,3.551,15.042,28.807,29.799,29.87,29.611
6/15/2018,2:46:40 AM,5.288,19.083,2.377,23.994,14.835,3.493,14.954,28.811,29.752,29.831,29.516
6/15/2018,3:03:20 AM,5.238,19.019,2.35,23.991,14.744,3.439,14.872,28.813,29.736,29.841,29.502
6/15/2018,3:20:00 AM,5.242,18.943,2.321,23.93,14.684,3.408,14.813,28.818,29.845,29.918,29.604
6/15/2018,3:36:40 AM,5.184,18.863,2.285,23.876,14.588,3.34,14.746,28.824,29.715,29.779,29.496
6/15/2018,3:53:20 AM,5.165,18.799,2.23,23.86,14.557,3.273,14.632,28.83,29.638,29.731,29.261
6/15/2018,4:10:00 AM,5.152,18.742,2.221,23.839,14.468,3.221,14.605,28.835,29.714,29.796,29.342
6/15/2018,4:26:40 AM,5.138,18.678,2.169,23.814,14.407,3.184,14.525,28.834,29.751,29.843,29.449
6/15/2018,4:43:20 AM,5.114,18.609,2.139,23.774,14.327,3.146,14.438,28.841,30.078,30.124,29.704
6/15/2018,5:00:00 AM,5.117,18.561,2.115,23.753,14.284,3.09,14.393,28.844,30.616,30.69,30.299
6/15/2018,5:16:40 AM,5.111,18.513,2.09,23.746,14.213,3.071,14.353,28.855,30.99,31.027,30.752
6/15/2018,5:33:20 AM,5.107,18.478,2.07,23.769,14.16,3.012,14.292,28.852,31.181,31.2,30.941
6/15/2018,5:50:00 AM,5.076,18.408,2.06,23.743,14.094,2.978,14.272,28.847,31.333,31.351,31.095
6/15/2018,6:06:40 AM,5.068,18.374,2.037,23.688,14.035,2.928,14.2,28.858,31.392,31.399,31.142
6/15/2018,6:23:20 AM,5.039,18.321,1.995,23.689,13.974,2.948,14.138,28.857,31.516,31.53,31.298
6/15/2018,6:40:00 AM,5.053,18.242,1.963,23.639,13.901,2.879,14.074,28.856,31.668,31.663,31.424
6/15/2018,6:56:40 AM,5.005,18.199,1.957,23.64,13.855,2.808,14.003,28.858,31.755,31.765,31.514
6/15/2018,7:13:20 AM,4.994,18.115,1.921,23.616,13.805,2.806,13.938,28.858,31.727,31.717,31.488
6/15/2018,7:30:00 AM,4.979,18.06,1.892,23.581,13.732,2.754,13.898,28.86,31.87,31.875,31.637
6/15/2018,7:46:40 AM,4.972,17.996,1.871,23.515,13.645,2.695,13.794,28.864,31.911,31.914,31.684
6/15/2018,8:03:20 AM,4.941,17.965,1.863,23.519,13.61,2.698,13.754,28.859,31.912,31.906,31.66
6/15/2018,8:20:00 AM,4.904,17.906,1.837,23.5,13.523,2.649,13.683,28.858,32.005,31.989,31.733
6/15/2018,8:36:40 AM,4.919,17.869,1.806,23.467,13.474,2.628,13.623,28.857,32.102,32.12,31.875
6/15/2018,8:53:20 AM,4.882,17.773,1.782,23.44,13.381,2.559,13.593,28.859,32.002,32.005,31.771
6/15/2018,9:10:00 AM,4.86,17.729,1.75,23.389,13.347,2.535,13.509,28.876,32.199,32.205,31.949
6/15/2018,9:26:40 AM,4.816,17.653,1.743,23.36,13.287,2.501,13.434,28.878,32.088,32.086,31.84
6/15/2018,9:43:20 AM,4.817,17.608,1.735,23.302,13.226,2.445,13.391,28.88,32.01,32.019,31.771
6/15/2018,10:00:00 AM,4.797,17.563,1.671,23.305,13.169,2.413,13.314,28.884,31.978,31.987,31.699
6/15/2018,10:16:40 AM,4.78,17.489,1.661,23.29,13.089,2.378,13.254,28.887,31.986,31.993,31.715
6/15/2018,10:33:20 AM,4.765,17.441,1.647,23.221,13.046,2.318,13.201,28.892,32.082,32.083,31.812
6/15/2018,10:50:00 AM,4.739,17.388,1.616,23.206,12.978,2.306,13.151,28.898,32.067,32.072,31.794
6/15/2018,11:06:40 AM,4.724,17.331,1.601,23.192,12.896,2.279,13.078,28.898,32.244,32.263,32.003
6/15/2018,11:23:20 AM,4.711,17.265,1.585,23.153,12.854,2.235,13.012,28.897,32.386,32.387,32.123
6/15/2018,11:40:00 AM,4.726,17.196,1.576,23.136,12.81,2.215,12.977,28.898,32.591,32.603,32.35
6/15/2018,11:56:40 AM,4.673,17.152,1.551,23.088,12.744,2.182,12.916,28.902,32.802,32.814,32.553
6/15/2018,12:13:20 PM,4.665,17.106,1.549,23.09,12.704,2.147,12.851,28.902,32.746,32.769,32.518
6/15/2018,12:30:00 PM,4.661,17.053,1.535,23.064,12.633,2.143,12.804,28.898,32.712,32.708,32.481
6/15/2018,12:46:40 PM,4.612,17.022,1.509,23.017,12.566,2.11,12.744,28.887,32.649,32.648,32.68
6/15/2018,1:03:20 PM,4.575,16.906,1.465,22.93,12.49,2.071,12.692,28.869,31.302,31.341,31.162
6/15/2018,1:20:00 PM,4.566,16.866,1.441,22.919,12.416,2.023,12.615,28.865,31.194,31.251,30.967
6/15/2018,1:36:40 PM,4.509,16.776,1.418,22.865,12.362,1.959,12.538,28.872,30.714,30.793,30.49
6/15/2018,1:53:20 PM,4.484,16.696,1.374,22.808,12.275,1.923,12.472,28.867,30.309,30.389,29.994
6/15/2018,2:10:00 PM,4.47,16.675,1.376,22.794,12.246,1.918,12.424,28.858,30.415,30.531,30.113
6/15/2018,2:26:40 PM,4.487,16.628,1.399,22.81,12.216,1.915,12.365,28.853,30.458,30.541,30.106
6/15/2018,2:43:20 PM,4.461,16.563,1.367,22.767,12.172,1.881,12.332,28.853,30.456,30.538,30.213
6/15/2018,3:00:00 PM,4.418,16.475,1.352,22.729,12.072,1.836,12.259,28.849,30.361,30.517,30.42
6/15/2018,3:16:40 PM,4.407,16.46,1.317,22.682,12.006,1.806,12.194,28.86,30.042,30.166,29.752
6/15/2018,3:33:20 PM,4.387,16.397,1.312,22.664,11.969,1.784,12.152,28.862,30.422,30.564,30.136
6/15/2018,3:50:00 PM,4.407,16.333,1.307,22.643,11.939,1.767,12.115,28.865,30.477,30.591,30.264
6/15/2018,4:06:40 PM,4.381,16.331,1.286,22.627,11.877,1.711,12.062,28.866,30.401,30.493,30.117
6/15/2018,4:23:20 PM,4.347,16.246,1.285,22.582,11.83,1.7,12.004,28.872,30.241,30.33,30.036
6/15/2018,4:40:00 PM,4.313,16.2,1.285,22.566,11.768,1.687,11.919,28.871,30.124,30.19,29.804
6/15/2018,4:56:40 PM,4.316,16.141,1.284,22.529,11.699,1.666,11.884,28.873,29.98,30.093,29.686
6/15/2018,5:13:20 PM,4.29,16.07,1.267,22.474,11.658,1.626,11.81,28.877,30.081,30.189,29.792
6/15/2018,5:30:00 PM,4.265,16.037,1.252,22.439,11.606,1.595,11.79,28.872,29.991,30.189,29.797
6/15/2018,5:46:40 PM,4.266,15.975,1.257,22.43,11.568,1.574,11.734,28.873,30.05,30.216,29.775
6/15/2018,6:03:20 PM,4.245,15.93,1.253,22.395,11.497,1.584,11.672,28.866,30.01,30.229,29.955
6/15/2018,6:20:00 PM,4.238,15.907,1.25,22.357,11.456,1.532,11.615,28.858,30.056,30.269,29.931
6/15/2018,6:36:40 PM,4.209,15.856,1.249,22.381,11.43,1.525,11.593,28.855,30.121,30.272,29.972
6/15/2018,6:53:20 PM,4.216,15.804,1.262,22.363,11.371,1.521,11.534,28.848,30.12,30.248,29.886
6/15/2018,7:10:00 PM,4.183,15.771,1.247,22.31,11.358,1.486,11.487,28.848,30.116,30.28,29.879
6/15/2018,7:26:40 PM,4.215,15.722,1.258,22.273,11.296,1.491,11.477,28.845,30.209,30.373,30.054
6/15/2018,7:43:20 PM,4.182,15.677,1.233,22.271,11.244,1.439,11.407,28.844,30.344,30.454,30.111
6/15/2018,8:00:00 PM,4.178,15.628,1.252,22.267,11.208,1.411,11.362,28.846,30.398,30.554,30.193
6/15/2018,8:16:40 PM,4.138,15.603,1.241,22.201,11.14,1.402,11.305,28.848,30.41,30.565,30.234
6/15/2018,8:33:20 PM,4.128,15.546,1.234,22.202,11.096,1.407,11.26,28.845,30.394,30.543,30.226
6/15/2018,8:50:00 PM,4.111,15.515,1.254,22.173,11.061,1.364,11.222,28.854,30.589,30.7,30.42
6/15/2018,9:06:40 PM,4.077,15.453,1.221,22.162,11.03,1.362,11.168,28.854,30.596,30.759,30.473
6/15/2018,9:23:20 PM,4.083,15.401,1.229,22.125,10.955,1.364,11.123,28.852,30.628,30.77,30.509
6/15/2018,9:40:00 PM,4.072,15.385,1.219,22.103,10.881,1.335,11.094,28.844,30.683,30.826,30.557
6/15/2018,9:56:40 PM,4.083,15.357,1.211,22.056,10.884,1.31,11.024,28.837,30.686,30.838,30.481
6/15/2018,10:13:20 PM,4.044,15.254,1.21,22.034,10.801,1.269,11.011,28.836,30.841,30.947,30.708
6/15/2018,10:30:00 PM,4.027,15.227,1.189,21.988,10.793,1.286,10.933,28.832,30.634,30.693,30.474
6/15/2018,10:46:40 PM,3.993,15.178,1.204,21.98,10.734,1.253,10.889,28.822,30.511,30.658,30.304
6/15/2018,11:03:20 PM,4.005,15.138,1.181,21.948,10.695,1.219,10.84,28.822,30.359,30.481,30.284
6/15/2018,11:20:00 PM,3.99,15.095,1.193,21.912,10.636,1.207,10.795,28.82,30.571,30.677,30.383
6/15/2018,11:36:40 PM,3.921,15.05,1.17,21.887,10.572,1.194,10.732,28.812,30.417,30.552,30.317
6/15/2018,11:53:20 PM,3.966,14.993,1.173,21.869,10.55,1.176,10.684,28.816,30.353,30.498,30.206
6/16/2018,12:10:00 AM,3.923,14.912,1.157,21.802,10.467,1.135,10.623,28.816,30.429,30.545,30.149
6/16/2018,12:26:40 AM,3.909,14.876,1.145,21.762,10.422,1.129,10.561,28.805,30.324,30.435,30.246
6/16/2018,12:43:20 AM,3.881,14.855,1.153,21.737,10.372,1.105,10.538,28.809,30.137,30.234,30.018
6/16/2018,1:00:00 AM,3.86,14.765,1.133,21.695,10.308,1.095,10.494,28.806,30.273,30.323,29.99
6/16/2018,1:16:40 AM,3.841,14.72,1.11,21.655,10.262,1.053,10.415,28.804,30.122,30.124,29.901
6/16/2018,1:33:20 AM,3.818,14.673,1.142,21.617,10.208,1.034,10.351,28.806,29.983,30.077,29.715
6/16/2018,1:50:00 AM,3.799,14.608,1.12,21.607,10.149,1.034,10.315,28.809,30.048,30.14,29.729
6/16/2018,2:06:40 AM,3.785,14.598,1.117,21.578,10.149,1.016,10.276,28.82,30.157,30.214,29.869
6/16/2018,2:23:20 AM,3.811,14.555,1.113,21.571,10.105,0.975,10.251,28.84,30.183,30.271,29.919
6/16/2018,2:40:00 AM,3.801,14.528,1.113,21.551,10.079,0.954,10.212,28.835,30.263,30.328,29.957
6/16/2018,2:56:40 AM,3.766,14.452,1.13,21.535,10.051,0.967,10.183,28.838,30.306,30.353,30.077
6/16/2018,3:13:20 AM,3.758,14.415,1.101,21.465,9.994,0.955,10.111,28.841,30.467,30.513,30.235
6/16/2018,3:30:00 AM,3.726,14.376,1.106,21.465,9.963,0.911,10.073,28.843,30.247,30.355,29.987
6/16/2018,3:46:40 AM,3.72,14.306,1.093,21.426,9.916,0.908,10.02,28.847,30.19,30.271,29.971
6/16/2018,4:03:20 AM,3.708,14.276,1.067,21.405,9.884,0.898,9.996,28.856,30.171,30.267,29.907
6/16/2018,4:20:00 AM,3.671,14.235,1.07,21.366,9.817,0.873,9.936,28.852,30.394,30.522,30.268
6/16/2018,4:36:40 AM,3.668,14.172,1.06,21.339,9.775,0.852,9.902,28.858,30.136,30.207,29.882
6/16/2018,4:53:20 AM,3.645,14.121,1.038,21.289,9.748,0.841,9.843,28.864,30.036,30.109,29.807
6/16/2018,5:10:00 AM,3.593,14.077,1.034,21.275,9.688,0.841,9.766,28.848,30.052,30.125,29.862
6/16/2018,5:26:40 AM,3.584,14.056,1.056,21.211,9.627,0.809,9.773,28.848,29.907,29.977,29.604
6/16/2018,5:43:20 AM,3.576,13.967,1.022,21.195,9.599,0.809,9.705,28.853,29.961,30.045,29.594
6/16/2018,6:00:00 AM,3.583,13.939,1.021,21.171,9.554,0.797,9.682,28.857,29.929,29.987,29.629
6/16/2018,6:16:40 AM,3.551,13.887,1.007,21.138,9.541,0.762,9.613,28.857,29.789,29.878,29.504
6/16/2018,6:33:20 AM,3.55,13.842,0.98,21.099,9.477,0.728,9.593,28.854,29.85,29.931,29.777
6/16/2018,6:50:00 AM,3.527,13.826,1.02,21.1,9.447,0.745,9.526,28.858,30.045,30.152,29.623
6/16/2018,7:06:40 AM,3.532,13.799,1.013,21.102,9.429,0.736,9.527,28.849,30.602,30.717,30.282
6/16/2018,7:23:20 AM,3.559,13.766,1.01,21.11,9.391,0.748,9.505,28.856,30.869,30.921,30.605
6/16/2018,7:40:00 AM,3.523,13.758,1.031,21.076,9.394,0.724,9.486,28.852,31.148,31.179,30.887
6/16/2018,7:56:40 AM,3.56,13.728,1.038,21.089,9.374,0.723,9.476,28.854,31.418,31.421,31.177
6/16/2018,8:13:20 AM,3.537,13.718,1.031,21.085,9.335,0.737,9.445,28.847,31.751,31.747,31.528
6/16/2018,8:30:00 AM,3.508,13.693,1.024,21.06,9.328,0.73,9.416,28.844,31.889,31.872,31.673
6/16/2018,8:46:40 AM,3.51,13.648,1.027,21.04,9.289,0.701,9.365,28.843,32.092,32.098,31.888
6/16/2018,9:03:20 AM,3.508,13.628,1.036,21.04,9.239,0.713,9.373,28.847,32.016,31.994,31.787
6/16/2018,9:20:00 AM,3.473,13.568,1.047,21.022,9.226,0.701,9.331,28.857,32.103,32.089,31.899
6/16/2018,9:36:40 AM,3.485,13.511,1.015,21.018,9.181,0.673,9.274,28.859,32.153,32.137,31.945
6/16/2018,9:53:20 AM,3.487,13.5,1.014,20.961,9.141,0.685,9.234,28.858,32.331,32.305,32.114
6/16/2018,10:10:00 AM,3.473,13.484,1.044,20.934,9.13,0.657,9.221,28.86,32.431,32.419,32.209
6/16/2018,10:26:40 AM,3.441,13.424,1.019,20.932,9.097,0.659,9.188,28.863,32.392,32.376,32.193
6/16/2018,10:43:20 AM,3.42,13.392,1.021,20.908,9.068,0.657,9.151,28.873,32.753,32.749,32.575
6/16/2018,11:00:00 AM,3.415,13.376,1.014,20.855,9.03,0.642,9.119,28.875,32.78,32.767,32.579
6/16/2018,11:16:40 AM,3.406,13.323,0.999,20.87,8.992,0.617,9.06,28.878,32.796,32.793,32.617
6/16/2018,11:33:20 AM,3.396,13.288,1.008,20.834,8.949,0.616,9.043,28.879,32.75,32.737,32.547
6/16/2018,11:50:00 AM,3.363,13.242,0.979,20.753,8.901,0.591,8.981,28.884,32.338,32.307,32.284
6/16/2018,12:06:40 PM,3.343,13.17,0.985,20.715,8.864,0.611,8.956,28.883,31.171,31.24,31.119
6/16/2018,12:23:20 PM,3.289,13.096,0.971,20.663,8.777,0.538,8.882,28.87,30.818,30.896,30.585
6/16/2018,12:40:00 PM,3.276,13.05,0.953,20.618,8.772,0.526,8.825,28.861,30.548,30.545,30.272
6/16/2018,12:56:40 PM,3.282,13.013,0.96,20.566,8.729,0.503,8.811,28.865,30.327,30.366,30.019
6/16/2018,1:13:20 PM,3.26,12.974,0.935,20.547,8.678,0.52,8.758,28.871,30.12,30.156,29.785
6/16/2018,1:30:00 PM,3.216,12.903,0.925,20.53,8.655,0.488,8.699,28.877,30.233,30.262,29.902
6/16/2018,1:46:40 PM,3.205,12.863,0.894,20.441,8.583,0.482,8.639,28.864,29.893,29.955,29.681
6/16/2018,2:03:20 PM,3.2,12.812,0.915,20.455,8.565,0.453,8.618,28.857,29.86,29.955,29.56
6/16/2018,2:20:00 PM,3.211,12.817,0.917,20.422,8.563,0.477,8.618,28.845,29.893,29.965,29.583
6/16/2018,2:36:40 PM,3.194,12.775,0.909,20.418,8.534,0.479,8.572,28.839,29.947,30.018,29.685
6/16/2018,2:53:20 PM,3.188,12.762,0.928,20.391,8.484,0.446,8.537,28.844,29.813,29.871,29.519
6/16/2018,3:10:00 PM,3.16,12.701,0.935,20.361,8.48,0.456,8.516,28.839,29.988,30.075,29.677
6/16/2018,3:26:40 PM,3.137,12.687,0.902,20.359,8.473,0.452,8.48,28.842,29.937,30.056,29.69
6/16/2018,3:43:20 PM,3.144,12.669,0.905,20.339,8.424,0.436,8.449,28.855,30.096,30.194,29.97
6/16/2018,4:00:00 PM,3.136,12.62,0.907,20.32,8.415,0.422,8.433,28.843,30.029,30.143,29.806
6/16/2018,4:16:40 PM,3.143,12.597,0.917,20.304,8.39,0.454,8.402,28.843,30.116,30.183,29.908
6/16/2018,4:33:20 PM,3.129,12.555,0.911,20.305,8.362,0.406,8.412,28.841,30.205,30.244,30.016
6/16/2018,4:50:00 PM,3.121,12.524,0.91,20.262,8.329,0.422,8.359,28.831,30.116,30.227,29.94
6/16/2018,5:06:40 PM,3.105,12.494,0.895,20.237,8.32,0.413,8.296,28.817,30.032,30.14,29.968
6/16/2018,5:23:20 PM,3.081,12.442,0.882,20.181,8.271,0.408,8.274,28.818,29.932,30.08,29.733
6/16/2018,5:40:00 PM,3.077,12.428,0.905,20.179,8.225,0.406,8.287,28.814,29.954,30.066,29.75
6/16/2018,5:56:40 PM,3.044,12.368,0.897,20.16,8.225,0.42,8.228,28.816,29.967,30.029,29.71
6/16/2018,6:13:20 PM,3.066,12.334,0.913,20.158,8.215,0.379,8.193,28.819,29.97,30.112,29.886
6/16/2018,6:30:00 PM,3.067,12.316,0.911,20.109,8.176,0.405,8.159,28.816,30.048,30.142,29.963
6/16/2018,6:46:40 PM,3.041,12.31,0.919,20.092,8.129,0.377,8.13,28.816,30.203,30.338,30.077
6/16/2018,7:03:20 PM,3.032,12.254,0.912,20.073,8.132,0.367,8.085,28.814,30.127,30.207,30.023
6/16/2018,7:20:00 PM,3.009,12.231,0.901,20.051,8.088,0.378,8.071,28.816,30.346,30.405,30.213
6/16/2018,7:36:40 PM,3.011,12.194,0.917,20.019,8.103,0.379,8.069,28.825,30.264,30.373,30.135
6/16/2018,7:53:20 PM,3.001,12.18,0.914,19.994,8.043,0.38,8.003,28.82,30.14,30.244,30.077
6/16/2018,8:10:00 PM,2.98,12.14,0.899,20.001,8.009,0.348,8.002,28.816,30.451,30.567,30.385
6/16/2018,8:26:40 PM,2.98,12.092,0.897,19.948,7.99,0.351,7.955,28.819,30.202,30.268,30.079
6/16/2018,8:43:20 PM,2.97,12.067,0.894,19.95,7.984,0.34,7.921,28.812,30.318,30.393,30.182
6/16/2018,9:00:00 PM,2.937,12.063,0.895,19.922,7.949,0.34,7.894,28.812,30.559,30.66,30.434
6/16/2018,9:16:40 PM,2.964,12.027,0.886,19.92,7.94,0.331,7.86,28.809,30.475,30.53,30.265
6/16/2018,9:33:20 PM,2.931,11.989,0.892,19.883,7.894,0.358,7.831,28.809,30.541,30.589,30.323
6/16/2018,9:50:00 PM,2.952,11.956,0.902,19.871,7.882,0.347,7.815,28.8,30.628,30.654,30.504
6/16/2018,10:06:40 PM,2.963,11.948,0.913,19.881,7.863,0.333,7.782,28.782,30.552,30.544,30.338
6/16/2018,10:23:20 PM,2.957,11.916,0.918,19.818,7.847,0.32,7.779,28.782,30.823,30.852,30.733
6/16/2018,10:40:00 PM,2.922,11.882,0.893,19.804,7.834,0.339,7.728,28.799,30.683,30.713,30.575
6/16/2018,10:56:40 PM,2.889,11.856,0.898,19.771,7.795,0.304,7.713,28.8,30.767,30.791,30.659
6/16/2018,11:13:20 PM,2.888,11.821,0.898,19.756,7.739,0.303,7.67,28.802,30.835,30.869,30.701
6/16/2018,11:30:00 PM,2.888,11.788,0.899,19.732,7.731,0.28,7.61,28.799,30.762,30.798,30.683
6/16/2018,11:46:40 PM,2.89,11.748,0.874,19.695,7.679,0.248,7.597,28.808,30.608,30.664,30.454
6/17/2018,12:03:20 AM,2.816,11.682,0.869,19.679,7.68,0.288,7.576,28.81,30.536,30.644,30.421
6/17/2018,12:20:00 AM,2.826,11.642,0.859,19.631,7.626,0.259,7.539,28.827,30.492,30.543,30.418
6/17/2018,12:36:40 AM,2.828,11.629,0.851,19.593,7.583,0.263,7.467,28.812,30.503,30.601,30.341
6/17/2018,12:53:20 AM,2.819,11.597,0.855,19.573,7.579,0.262,7.435,28.807,30.29,30.337,30.156
6/17/2018,1:10:00 AM,2.757,11.535,0.859,19.528,7.523,0.22,7.422,28.81,30.266,30.264,30.113
6/17/2018,1:26:40 AM,2.775,11.52,0.833,19.479,7.523,0.225,7.376,28.817,30.253,30.355,30.082
6/17/2018,1:43:20 AM,2.744,11.458,0.822,19.46,7.466,0.214,7.38,28.828,30.015,30.079,29.919
6/17/2018,2:00:00 AM,2.722,11.434,0.816,19.42,7.446,0.209,7.274,28.824,29.795,29.836,29.448
6/17/2018,2:16:40 AM,2.737,11.408,0.847,19.437,7.422,0.218,7.281,28.838,29.834,29.913,29.388
6/17/2018,2:33:20 AM,2.735,11.406,0.835,19.431,7.403,0.211,7.265,28.837,30.106,30.195,29.818
6/17/2018,2:50:00 AM,2.746,11.385,0.846,19.428,7.397,0.193,7.257,28.831,30.289,30.365,29.941
6/17/2018,3:06:40 AM,2.769,11.357,0.848,19.395,7.375,0.225,7.246,28.839,30.485,30.524,30.143
6/17/2018,3:23:20 AM,2.739,11.324,0.847,19.397,7.362,0.227,7.219,28.846,30.872,30.951,30.774
6/17/2018,3:40:00 AM,2.703,11.294,0.84,19.36,7.318,0.208,7.165,28.849,30.761,30.825,30.639
6/17/2018,3:56:40 AM,2.66,11.247,0.795,19.299,7.278,0.166,7.14,28.844,30.309,30.375,30.163
6/17/2018,4:13:20 AM,2.669,11.195,0.797,19.299,7.271,0.178,7.123,28.845,30.045,30.075,29.915
6/17/2018,4:30:00 AM,2.677,11.174,0.807,19.247,7.213,0.17,7.071,28.844,29.905,29.985,29.601
6/17/2018,4:46:40 AM,2.683,11.157,0.817,19.243,7.222,0.17,7.051,28.842,30.037,30.109,29.67
6/17/2018,5:03:20 AM,2.668,11.145,0.825,19.235,7.205,0.192,7.035,28.837,30.185,30.246,29.879
6/17/2018,5:20:00 AM,2.647,11.11,0.815,19.221,7.211,0.13,7.028,28.847,30.189,30.206,30.013
6/17/2018,5:36:40 AM,2.644,11.076,0.781,19.165,7.161,0.155,6.994,28.835,30.058,30.129,29.815
6/17/2018,5:53:20 AM,2.635,11.047,0.789,19.143,7.137,0.158,6.935,28.834,30.004,30.093,29.826
6/17/2018,6:10:00 AM,2.619,11.049,0.796,19.17,7.107,0.169,6.956,28.829,30.106,30.126,29.762
6/17/2018,6:26:40 AM,2.612,11.022,0.8,19.148,7.083,0.157,6.931,28.823,30.128,30.118,29.783
6/17/2018,6:43:20 AM,2.601,10.975,0.781,19.085,7.073,0.143,6.878,28.835,30.029,30.088,29.759
6/17/2018,7:00:00 AM,2.598,10.971,0.79,19.081,7.035,0.145,6.89,28.833,30.082,30.163,29.829
6/17/2018,7:16:40 AM,2.604,10.928,0.789,19.075,7.029,0.165,6.882,28.82,30.002,30.085,29.731
6/17/2018,7:33:20 AM,2.597,10.882,0.792,19.038,7.014,0.154,6.802,28.818,30.004,30.101,29.655
6/17/2018,7:50:00 AM,2.578,10.847,0.784,19.02,6.98,0.12,6.795,28.818,30.013,30.064,29.665
6/17/2018,8:06:40 AM,2.554,10.837,0.771,18.99,6.964,0.143,6.79,28.821,29.943,30.002,29.683
6/17/2018,8:23:20 AM,2.534,10.798,0.767,18.946,6.924,0.108,6.744,28.831,29.995,30.023,29.686
6/17/2018,8:40:00 AM,2.52,10.777,0.762,18.92,6.886,0.112,6.703,28.835,29.927,29.998,29.717
6/17/2018,8:56:40 AM,2.524,10.733,0.736,18.892,6.875,0.097,6.687,28.837,29.813,29.884,29.541
6/17/2018,9:13:20 AM,2.502,10.692,0.733,18.868,6.853,0.112,6.672,28.844,29.923,29.925,29.533
6/17/2018,9:30:00 AM,2.487,10.672,0.749,18.855,6.84,0.08,6.63,28.849,29.819,29.868,29.63
6/17/2018,9:46:40 AM,2.466,10.634,0.722,18.829,6.78,0.099,6.586,28.862,29.71,29.744,29.396
6/17/2018,10:03:20 AM,2.471,10.599,0.693,18.786,6.76,0.061,6.544,28.862,29.66,29.782,29.406
6/17/2018,10:20:00 AM,2.452,10.562,0.71,18.773,6.76,0.065,6.561,28.863,29.662,29.766,29.366
6/17/2018,10:36:40 AM,2.414,10.547,0.687,18.726,6.73,0.044,6.501,28.87,29.726,29.757,29.407
6/17/2018,10:53:20 AM,2.427,10.527,0.696,18.706,6.713,0.047,6.46,28.875,29.714,29.818,29.491
6/17/2018,11:10:00 AM,2.399,10.443,0.693,18.688,6.694,0.068,6.467,28.88,29.5,29.597,29.167
6/17/2018,11:26:40 AM,2.433,10.472,0.681,18.661,6.674,0.041,6.432,28.873,29.545,29.637,29.251
6/17/2018,11:43:20 AM,2.377,10.408,0.651,18.641,6.633,0.059,6.406,28.879,29.511,29.595,29.298
6/17/2018,12:00:00 PM,2.348,10.359,0.662,18.59,6.62,0.033,6.357,28.88,29.459,29.54,29.075
6/17/2018,12:16:40 PM,2.393,10.359,0.638,18.581,6.595,0.029,6.369,28.879,29.278,29.38,28.989
6/17/2018,12:33:20 PM,2.351,10.343,0.621,18.564,6.563,0.036,6.34,28.876,29.446,29.54,29.116
6/17/2018,12:50:00 PM,2.345,10.323,0.644,18.483,6.579,0.038,6.308,28.878,29.412,29.48,29.281
6/17/2018,1:06:40 PM,2.317,10.254,0.622,18.479,6.518,0.028,6.273,28.89,29.314,29.369,28.989
6/17/2018,1:23:20 PM,2.325,10.262,0.635,18.468,6.493,0.02,6.272,28.895,29.295,29.392,28.953
6/17/2018,1:40:00 PM,2.319,10.239,0.64,18.455,6.481,0.047,6.265,28.89,29.413,29.5,29.094
6/17/2018,1:56:40 PM,2.28,10.21,0.641,18.432,6.475,0.042,6.268,28.889,29.465,29.556,29.274
6/17/2018,2:13:20 PM,2.308,10.177,0.64,18.436,6.462,0.039,6.219,28.887,29.388,29.458,29.133
6/17/2018,2:30:00 PM,2.278,10.168,0.617,18.399,6.434,0.028,6.197,28.889,29.358,29.454,29.2
6/17/2018,2:46:40 PM,2.298,10.119,0.607,18.367,6.4,0.047,6.178,28.893,29.378,29.49,29.186
6/17/2018,3:03:20 PM,2.272,10.111,0.615,18.363,6.394,0.035,6.149,28.897,29.318,29.45,29.219
6/17/2018,3:20:00 PM,2.272,10.106,0.618,18.335,6.355,0.016,6.13,28.899,29.279,29.375,29.118
6/17/2018,3:36:40 PM,2.264,10.036,0.613,18.3,6.342,0.032,6.105,28.903,29.283,29.403,29.097
6/17/2018,3:53:20 PM,2.271,10.047,0.622,18.29,6.312,0.048,6.101,28.898,29.231,29.35,29.096
6/17/2018,4:10:00 PM,2.263,10.011,0.626,18.27,6.331,0.007,6.058,28.898,29.397,29.509,29.296
6/17/2018,4:26:40 PM,2.236,10.02,0.615,18.27,6.314,0.026,6.068,28.908,29.511,29.595,29.324
6/17/2018,4:43:20 PM,2.239,10.009,0.608,18.262,6.292,-0.005,6.042,28.904,29.596,29.669,29.415
6/17/2018,5:00:00 PM,2.254,9.978,0.614,18.251,6.297,0.022,6.026,28.902,29.66,29.742,29.446
6/17/2018,5:16:40 PM,2.255,9.969,0.646,18.232,6.285,0.031,6.022,28.895,29.801,29.937,29.663
6/17/2018,5:33:20 PM,2.243,9.971,0.633,18.227,6.281,0.066,6.027,28.889,29.944,30.045,29.774
6/17/2018,5:50:00 PM,2.251,9.95,0.618,18.211,6.275,0.039,5.999,28.897,30.003,30.14,29.855
6/17/2018,6:06:40 PM,2.254,9.938,0.627,18.198,6.255,0.046,5.96,28.89,30.319,30.434,30.224
6/17/2018,6:23:20 PM,2.241,9.915,0.634,18.212,6.274,0.049,5.99,28.882,30.402,30.535,30.326
6/17/2018,6:40:00 PM,2.246,9.911,0.617,18.199,6.288,0.049,5.965,28.878,30.504,30.63,30.336
6/17/2018,6:56:40 PM,2.251,9.858,0.647,18.203,6.222,0.041,5.963,28.884,30.63,30.742,30.527
6/17/2018,7:13:20 PM,2.253,9.895,0.629,18.186,6.23,0.062,5.945,28.883,30.876,30.929,30.728
6/17/2018,7:30:00 PM,2.275,9.899,0.606,18.175,6.234,0.047,5.93,28.879,30.904,30.959,30.827
6/17/2018,7:46:40 PM,2.275,9.869,0.649,18.144,6.241,0.079,5.946,28.873,31.052,31.151,31.037
6/17/2018,8:03:20 PM,2.247,9.853,0.644,18.148,6.203,0.081,5.927,28.872,31.166,31.231,31.066
6/17/2018,8:20:00 PM,2.275,9.835,0.625,18.135,6.194,0.085,5.872,28.87,31.347,31.466,31.264
6/17/2018,8:36:40 PM,2.28,9.826,0.632,18.153,6.19,0.057,5.887,28.876,31.455,31.545,31.389
6/17/2018,8:53:20 PM,2.27,9.818,0.637,18.112,6.196,0.071,5.863,28.877,31.501,31.613,31.439
6/17/2018,9:10:00 PM,2.275,9.778,0.621,18.125,6.181,0.067,5.859,28.876,31.833,31.935,31.793
6/17/2018,9:26:40 PM,2.255,9.775,0.614,18.091,6.15,0.073,5.842,28.868,31.871,31.903,31.779
6/17/2018,9:43:20 PM,2.245,9.757,0.644,18.096,6.139,0.081,5.85,28.868,31.761,31.795,31.619
6/17/2018,10:00:00 PM,2.241,9.751,0.662,18.066,6.109,0.071,5.815,28.867,32.035,32.094,31.922
6/17/2018,10:16:40 PM,2.213,9.714,0.624,18.047,6.14,0.075,5.788,28.877,31.935,31.987,31.966
6/17/2018,10:33:20 PM,2.192,9.702,0.629,18.036,6.118,0.086,5.786,28.87,31.901,31.913,31.829
6/17/2018,10:50:00 PM,2.162,9.674,0.635,18.011,6.106,0.082,5.755,28.866,31.892,31.962,31.952
6/17/2018,11:06:40 PM,2.129,9.655,0.637,17.981,6.073,0.085,5.767,28.859,31.922,31.937,31.816
6/17/2018,11:23:20 PM,2.088,9.655,0.61,17.978,6.068,0.076,5.733,28.859,31.797,31.836,31.742
6/17/2018,11:40:00 PM,2.014,9.645,0.629,17.955,6.024,0.078,5.7,28.857,31.962,31.969,31.898
6/17/2018,11:56:40 PM,1.949,9.613,0.61,17.91,6.016,0.074,5.683,28.863,31.892,31.95,31.805
6/18/2018,12:13:20 AM,1.886,9.578,0.613,17.872,6.014,0.061,5.65,28.863,31.812,31.816,31.649
6/18/2018,12:30:00 AM,1.812,9.552,0.624,17.882,5.956,0.071,5.641,28.85,31.865,31.857,31.721
6/18/2018,12:46:40 AM,1.713,9.527,0.61,17.826,5.968,0.067,5.616,28.851,31.776,31.812,31.643
6/18/2018,1:03:20 AM,1.667,9.528,0.613,17.816,5.922,0.068,5.593,28.853,31.786,31.841,31.748
6/18/2018,1:20:00 AM,1.56,9.485,0.609,17.801,5.916,0.026,5.56,28.853,31.755,31.761,31.605
6/18/2018,1:36:40 AM,1.479,9.475,0.591,17.74,5.905,0.032,5.524,28.857,31.654,31.72,31.513
6/18/2018,1:53:20 AM,1.354,9.407,0.586,17.718,5.83,0.046,5.497,28.864,31.605,31.65,31.47
6/18/2018,2:10:00 AM,1.259,9.389,0.557,17.673,5.838,0.022,5.484,28.857,31.364,31.372,31.251
6/18/2018,2:26:40 AM,1.159,9.382,0.57,17.654,5.79,0.003,5.467,28.858,31.508,31.582,31.354
6/18/2018,2:43:20 AM,1.071,9.362,0.546,17.64,5.788,0.006,5.438,28.865,31.352,31.383,31.31
6/18/2018,3:00:00 AM,0.941,9.303,0.537,17.596,5.765,0.013,5.381,28.869,31.317,31.359,31.122
6/18/2018,3:16:40 AM,0.866,9.302,0.532,17.543,5.72,0.014,5.33,28.873,31.075,31.118,30.971
6/18/2018,3:33:20 AM,0.809,9.234,0.533,17.509,5.704,-0.011,5.323,28.863,31.069,31.065,30.836
6/18/2018,3:50:00 AM,0.738,9.19,0.523,17.463,5.677,-0.009,5.305,28.863,31.005,31.007,30.866
6/18/2018,4:06:40 AM,0.653,9.187,0.524,17.44,5.668,0.01,5.254,28.866,30.881,30.978,30.794
6/18/2018,4:23:20 AM,0.614,9.166,0.497,17.434,5.633,-0.02,5.272,28.872,30.756,30.774,30.619
6/18/2018,4:40:00 AM,0.564,9.126,0.486,17.374,5.59,-0.001,5.214,28.874,30.689,30.735,30.545
6/18/2018,4:56:40 AM,0.501,9.1,0.509,17.356,5.591,-0.034,5.184,28.86,30.664,30.699,30.485
6/18/2018,5:13:20 AM,0.483,9.069,0.512,17.317,5.563,-0.037,5.156,28.863,30.427,30.531,30.309
6/18/2018,5:30:00 AM,0.437,9.047,0.499,17.286,5.55,-0.036,5.143,28.863,30.309,30.387,30.203
6/18/2018,5:46:40 AM,0.391,9.028,0.498,17.246,5.526,-0.071,5.133,28.863,30.343,30.421,30.286
6/18/2018,6:03:20 AM,0.386,8.987,0.481,17.224,5.488,-0.058,5.086,28.866,30.366,30.443,30.267
6/18/2018,6:20:00 AM,0.357,8.965,0.503,17.179,5.48,-0.055,5.05,28.85,30.238,30.273,30.045
6/18/2018,6:36:40 AM,0.357,8.933,0.489,17.166,5.431,-0.062,5.058,28.85,29.93,29.989,29.774
6/18/2018,6:53:20 AM,0.335,8.913,0.474,17.159,5.438,-0.039,5.014,28.863,29.889,29.98,29.674
6/18/2018,7:10:00 AM,0.342,8.927,0.473,17.142,5.436,-0.028,5.005,28.857,29.939,30.033,29.653
6/18/2018,7:26:40 AM,0.331,8.928,0.48,17.137,5.448,-0.068,5.026,28.854,30.055,30.128,29.829
6/18/2018,7:43:20 AM,0.322,8.895,0.479,17.122,5.425,-0.042,4.999,28.848,30.126,30.172,29.808
6/18/2018,8:00:00 AM,0.302,8.887,0.468,17.101,5.41,-0.061,5.006,28.848,30.109,30.198,29.831
6/18/2018,8:16:40 AM,0.311,8.86,0.481,17.078,5.372,-0.055,4.97,28.847,30.101,30.183,29.802
6/18/2018,8:33:20 AM,0.298,8.838,0.465,17.09,5.37,-0.047,4.958,28.845,30.008,30.107,29.786
6/18/2018,8:50:00 AM,0.293,8.825,0.478,17.028,5.365,-0.048,4.94,28.841,30.039,30.125,29.793
6/18/2018,9:06:40 AM,0.306,8.812,0.477,17.059,5.369,-0.037,4.928,28.838,30.138,30.266,29.897
6/18/2018,9:23:20 AM,0.302,8.797,0.477,17.02,5.359,-0.05,4.934,28.852,30.233,30.302,29.94
6/18/2018,9:40:00 AM,0.282,8.78,0.474,17.001,5.353,-0.042,4.9,28.851,30.245,30.309,29.929
6/18/2018,9:56:40 AM,0.291,8.736,0.454,16.999,5.329,-0.05,4.879,28.856,30.249,30.323,29.949
6/18/2018,10:13:20 AM,0.288,8.733,0.455,16.979,5.316,-0.054,4.889,28.856,30.188,30.231,29.926
6/18/2018,10:30:00 AM,0.297,8.72,0.453,16.926,5.295,-0.031,4.864,28.855,30.214,30.266,29.893
6/18/2018,10:46:40 AM,0.268,8.715,0.445,16.957,5.3,-0.052,4.841,28.856,30.271,30.31,30.019
6/18/2018,11:03:20 AM,0.278,8.701,0.449,16.915,5.284,-0.064,4.836,28.859,30.161,30.228,29.95
6/18/2018,11:20:00 AM,0.263,8.657,0.431,16.888,5.257,-0.047,4.827,28.859,30.273,30.36,30.013
6/18/2018,11:36:40 AM,0.274,8.643,0.454,16.874,5.262,-0.055,4.804,28.86,30.262,30.323,30.007
6/18/2018,11:53:20 AM,0.287,8.6,0.433,16.851,5.209,-0.064,4.786,28.858,30.2,30.277,29.954
6/18/2018,12:10:00 PM,0.293,8.623,0.442,16.804,5.238,-0.058,4.768,28.857,30.138,30.174,29.783
6/18/2018,12:26:40 PM,0.285,8.597,0.461,16.804,5.224,-0.047,4.764,28.856,30.245,30.31,29.971
6/18/2018,12:43:20 PM,0.285,8.598,0.448,16.799,5.23,-0.055,4.749,28.856,30.399,30.432,30.155
6/18/2018,1:00:00 PM,0.306,8.564,0.448,16.781,5.183,-0.042,4.745,28.855,30.216,30.289,29.993
6/18/2018,1:16:40 PM,0.286,8.568,0.449,16.764,5.181,-0.065,4.717,28.853,30.199,30.25,29.95
6/18/2018,1:33:20 PM,0.282,8.521,0.436,16.71,5.152,-0.064,4.718,28.846,30.081,30.141,29.926
6/18/2018,1:50:00 PM,0.288,8.492,0.447,16.67,5.127,-0.065,4.681,28.844,29.954,30.067,29.728
6/18/2018,2:06:40 PM,0.262,8.494,0.431,16.668,5.154,-0.066,4.645,28.843,29.859,29.937,29.749
6/18/2018,2:23:20 PM,0.284,8.455,0.428,16.654,5.099,-0.053,4.631,28.847,29.955,30.069,29.733
6/18/2018,2:40:00 PM,0.29,8.466,0.44,16.628,5.079,-0.07,4.647,28.847,29.889,29.99,29.727
6/18/2018,2:56:40 PM,0.291,8.432,0.419,16.588,5.079,-0.051,4.654,28.847,29.956,30.088,29.734
