,,P41,P42,P43,P44,P45,P46,Baro,T1,T2,T3
,,1,2,3,4,5,6,,,,
,,[PSI],[PSI],[PSI],[PSI],[PSI],[PSI],[in.hga],[°C],[°C],[°C]
6/6/2018,6:46:40 PM,25.13,25.024,25.21,25.006,25.054,25.085,28.784,30.61,30.7,30.554
6/6/2018,7:03:20 PM,25.081,24.788,25.174,24.999,24.981,24.954,28.781,30.516,30.538,30.414
6/6/2018,7:20:00 PM,25.024,24.629,25.123,24.974,24.882,24.87,28.776,30.455,30.512,30.38
6/6/2018,7:36:40 PM,25.006,24.457,25.105,24.958,24.763,24.747,28.777,29.922,29.957,29.724
6/6/2018,7:53:20 PM,24.962,24.28,25.042,24.922,24.71,24.689,28.779,30.19,30.227,29.954
6/6/2018,8:10:00 PM,24.94,24.143,25.025,24.886,24.625,24.589,28.783,29.778,29.77,29.535
6/6/2018,8:26:40 PM,24.91,23.961,24.991,24.876,24.571,24.48,28.786,29.561,29.597,29.325
6/6/2018,8:43:20 PM,24.884,23.827,24.959,24.808,24.466,24.371,28.788,29.323,29.369,29.029
6/6/2018,9:00:00 PM,24.857,23.683,24.949,24.81,24.394,24.292,28.789,29.427,29.439,29.144
6/6/2018,9:16:40 PM,24.811,23.547,24.899,24.771,24.299,24.204,28.791,29.354,29.39,29.098
6/6/2018,9:33:20 PM,24.821,23.404,24.897,24.752,24.241,24.126,28.786,29.686,29.685,29.47
6/6/2018,9:50:00 PM,24.796,23.268,24.855,24.719,24.154,24.022,28.787,29.456,29.552,29.287
6/6/2018,10:06:40 PM,24.794,23.127,24.839,24.702,24.101,23.935,28.782,30.071,30.109,29.859
6/6/2018,10:23:20 PM,24.771,22.982,24.823,24.666,24.054,23.819,28.784,29.983,30.036,29.806
6/6/2018,10:40:00 PM,24.735,22.823,24.773,24.643,23.937,23.752,28.79,29.907,29.922,29.759
6/6/2018,10:56:40 PM,24.679,22.677,24.707,24.598,23.846,23.623,28.793,29.429,29.547,29.245
6/6/2018,11:13:20 PM,24.67,22.55,24.713,24.553,23.802,23.531,28.78,29.385,29.484,29.087
6/6/2018,11:30:00 PM,24.664,22.43,24.717,24.53,23.739,23.463,28.778,29.809,29.903,29.559
6/6/2018,11:46:40 PM,24.63,22.282,24.663,24.528,23.657,23.39,28.778,30.121,30.168,29.949
6/7/2018,12:03:20 AM,24.572,22.148,24.632,24.479,23.575,23.279,28.751,29.568,29.651,29.468
6/7/2018,12:20:00 AM,24.57,22.026,24.586,24.406,23.509,23.174,28.762,29.166,29.243,28.815
6/7/2018,12:36:40 AM,24.544,21.89,24.585,24.413,23.443,23.097,28.764,29.528,29.592,29.223
6/7/2018,12:53:20 AM,24.518,21.74,24.531,24.386,23.364,23.021,28.765,29.53,29.592,29.322
6/7/2018,1:10:00 AM,24.507,21.603,24.522,24.333,23.282,22.915,28.77,29.477,29.52,29.19
6/7/2018,1:26:40 AM,24.456,21.489,24.495,24.295,23.21,22.81,28.78,29.333,29.4,29.117
6/7/2018,1:43:20 AM,24.446,21.36,24.441,24.26,23.145,22.71,28.786,29.358,29.35,29.147
6/7/2018,2:00:00 AM,24.431,21.217,24.431,24.245,23.063,22.648,28.788,29.877,29.945,29.531
6/7/2018,2:16:40 AM,24.42,21.127,24.432,24.221,23.017,22.593,28.798,30.48,30.52,30.167
6/7/2018,2:33:20 AM,24.413,21.027,24.448,24.246,22.964,22.493,28.808,30.606,30.637,30.349
6/7/2018,2:50:00 AM,24.411,20.904,24.419,24.223,22.907,22.454,28.805,30.64,30.646,30.382
6/7/2018,3:06:40 AM,24.401,20.805,24.422,24.204,22.866,22.359,28.802,30.72,30.711,30.468
6/7/2018,3:23:20 AM,24.381,20.685,24.374,24.19,22.801,22.302,28.798,30.746,30.717,30.461
6/7/2018,3:40:00 AM,24.362,20.564,24.346,24.124,22.731,22.2,28.813,30.89,30.876,30.626
6/7/2018,3:56:40 AM,24.339,20.437,24.324,24.122,22.674,22.114,28.817,30.847,30.825,30.56
6/7/2018,4:13:20 AM,24.338,20.32,24.315,24.093,22.589,22.052,28.824,30.807,30.784,30.539
6/7/2018,4:30:00 AM,24.272,20.229,24.284,24.069,22.558,21.958,28.827,31.008,30.997,30.73
6/7/2018,4:46:40 AM,24.269,20.106,24.273,24.012,22.481,21.879,28.83,31.01,31.016,30.74
6/7/2018,5:03:20 AM,24.256,19.987,24.223,24.039,22.421,21.801,28.83,31.249,31.236,30.961
6/7/2018,5:20:00 AM,24.249,19.859,24.225,24.005,22.326,21.703,28.827,31.132,31.123,30.842
6/7/2018,5:36:40 AM,24.205,19.761,24.171,23.936,22.255,21.637,28.83,31.077,31.071,30.801
6/7/2018,5:53:20 AM,24.205,19.627,24.153,23.918,22.211,21.536,28.83,30.995,30.989,30.692
6/7/2018,6:10:00 AM,24.159,19.517,24.111,23.914,22.134,21.485,28.824,30.827,30.811,30.509
6/7/2018,6:26:40 AM,24.14,19.423,24.125,23.859,22.089,21.392,28.832,31.042,31.027,30.735
6/7/2018,6:43:20 AM,24.129,19.288,24.074,23.833,22.005,21.318,28.823,31.076,31.062,30.787
6/7/2018,7:00:00 AM,24.109,19.189,24.07,23.827,21.943,21.224,28.824,30.965,30.952,30.67
6/7/2018,7:16:40 AM,24.097,19.074,24.03,23.781,21.887,21.154,28.832,30.915,30.896,30.613
6/7/2018,7:33:20 AM,24.099,18.955,24.042,23.759,21.836,21.077,28.824,30.988,30.965,30.678
6/7/2018,7:50:00 AM,24.037,18.885,23.996,23.75,21.792,21.025,28.824,30.977,30.947,30.677
6/7/2018,8:06:40 AM,24.01,18.784,23.979,23.717,21.717,20.919,28.819,30.944,30.914,30.657
6/7/2018,8:23:20 AM,24.005,18.653,23.97,23.687,21.658,20.832,28.819,30.929,30.892,30.634
6/7/2018,8:40:00 AM,23.985,18.55,23.94,23.651,21.608,20.789,28.817,31.05,31.022,30.753
6/7/2018,8:56:40 AM,23.963,18.442,23.941,23.623,21.542,20.702,28.817,31.253,31.22,30.974
6/7/2018,9:13:20 AM,23.955,18.348,23.913,23.574,21.467,20.632,28.817,31.266,31.244,30.99
6/7/2018,9:30:00 AM,23.923,18.222,23.876,23.573,21.42,20.544,28.82,31.182,31.127,30.886
6/7/2018,9:46:40 AM,23.91,18.14,23.86,23.536,21.353,20.476,28.822,31.352,31.317,31.081
6/7/2018,10:03:20 AM,23.879,18.029,23.829,23.527,21.299,20.396,28.826,31.259,31.214,30.978
6/7/2018,10:20:00 AM,23.858,17.943,23.787,23.492,21.261,20.339,28.834,31.425,31.379,31.151
6/7/2018,10:36:40 AM,23.827,17.824,23.794,23.479,21.171,20.252,28.835,31.345,31.311,31.072
6/7/2018,10:53:20 AM,23.822,17.73,23.747,23.429,21.096,20.192,28.842,31.39,31.362,31.113
6/7/2018,11:10:00 AM,23.81,17.626,23.724,23.41,21.034,20.104,28.852,31.444,31.422,31.183
6/7/2018,11:26:40 AM,23.772,17.511,23.709,23.39,20.985,20.013,28.86,31.437,31.402,31.163
6/7/2018,11:43:20 AM,23.746,17.429,23.663,23.357,20.937,19.962,28.876,31.568,31.53,31.289
6/7/2018,12:00:00 PM,23.746,17.312,23.651,23.337,20.881,19.862,28.86,31.791,31.877,31.895
6/7/2018,12:16:40 PM,23.658,17.158,23.59,23.26,20.767,19.767,28.867,30.818,30.741,30.623
6/7/2018,12:33:20 PM,23.596,17.058,23.553,23.226,20.69,19.664,28.865,30.372,30.387,30.191
6/7/2018,12:50:00 PM,23.584,16.954,23.498,23.192,20.64,19.606,28.871,30.197,30.232,29.932
6/7/2018,1:06:40 PM,23.541,16.845,23.481,23.114,20.56,19.491,28.875,29.892,29.941,29.634
6/7/2018,1:23:20 PM,23.546,16.748,23.451,23.111,20.504,19.424,28.878,29.717,29.782,29.516
6/7/2018,1:40:00 PM,23.502,16.643,23.437,23.07,20.445,19.361,28.875,29.868,29.922,29.63
6/7/2018,1:56:40 PM,23.469,16.529,23.4,23.009,20.388,19.257,28.879,29.814,29.861,29.633
6/7/2018,2:13:20 PM,23.478,16.455,23.389,23.022,20.332,19.212,28.876,29.642,29.681,29.389
6/7/2018,2:30:00 PM,23.443,16.378,23.357,22.975,20.285,19.134,28.877,30.187,30.262,29.987
6/7/2018,2:46:40 PM,23.42,16.261,23.357,22.968,20.205,19.068,28.875,30.332,30.396,30.117
6/7/2018,3:03:20 PM,23.408,16.178,23.313,22.969,20.171,19.027,28.874,30.547,30.609,30.487
6/7/2018,3:20:00 PM,23.359,16.06,23.279,22.903,20.104,18.936,28.88,30.016,30.081,29.965
6/7/2018,3:36:40 PM,23.314,15.942,23.224,22.84,20.03,18.855,28.871,29.424,29.477,29.138
6/7/2018,3:53:20 PM,23.313,15.849,23.219,22.85,19.977,18.806,28.873,29.356,29.466,29.028
6/7/2018,4:10:00 PM,23.331,15.806,23.245,22.835,19.939,18.744,28.882,30.106,30.196,30.025
6/7/2018,4:26:40 PM,23.274,15.676,23.2,22.809,19.896,18.67,28.88,30.087,30.111,30.041
6/7/2018,4:43:20 PM,23.233,15.578,23.162,22.766,19.812,18.578,28.867,29.157,29.249,28.901
6/7/2018,5:00:00 PM,23.215,15.513,23.127,22.715,19.743,18.518,28.863,28.997,28.977,28.663
6/7/2018,5:16:40 PM,23.186,15.392,23.088,22.68,19.677,18.422,28.854,28.964,29.024,28.677
6/7/2018,5:33:20 PM,23.173,15.311,23.06,22.678,19.623,18.364,28.844,28.745,28.837,28.562
6/7/2018,5:50:00 PM,23.166,15.245,23.031,22.635,19.569,18.306,28.838,28.913,29.034,28.701
6/7/2018,6:06:40 PM,23.12,15.14,23.017,22.625,19.541,18.238,28.842,28.893,28.916,28.588
6/7/2018,6:23:20 PM,23.105,15.091,22.985,22.578,19.45,18.181,28.84,28.81,28.884,28.613
6/7/2018,6:40:00 PM,23.08,14.987,22.974,22.594,19.408,18.103,28.842,28.832,28.921,28.544
6/7/2018,6:56:40 PM,23.072,14.906,22.949,22.559,19.392,18.043,28.837,28.814,28.943,28.579
6/7/2018,7:13:20 PM,23.069,14.809,22.954,22.528,19.311,17.987,28.837,28.841,28.923,28.653
6/7/2018,7:30:00 PM,23.032,14.728,22.941,22.502,19.273,17.947,28.83,28.875,28.993,28.684
6/7/2018,7:46:40 PM,23.023,14.668,22.917,22.507,19.24,17.88,28.835,28.848,28.96,28.618
6/7/2018,8:03:20 PM,22.997,14.558,22.882,22.475,19.191,17.804,28.836,29.039,29.149,28.878
6/7/2018,8:20:00 PM,23.017,14.476,22.868,22.462,19.116,17.759,28.83,29.059,29.214,28.88
6/7/2018,8:36:40 PM,22.972,14.413,22.857,22.405,19.063,17.707,28.826,29.065,29.156,28.875
6/7/2018,8:53:20 PM,22.964,14.328,22.822,22.394,19.025,17.599,28.83,29.171,29.304,28.952
6/7/2018,9:10:00 PM,22.946,14.228,22.812,22.358,18.961,17.548,28.836,29.092,29.25,28.916
6/7/2018,9:26:40 PM,22.928,14.142,22.799,22.33,18.952,17.497,28.837,29.116,29.267,28.939
6/7/2018,9:43:20 PM,22.907,14.059,22.792,22.321,18.878,17.407,28.844,29.211,29.322,29.036
6/7/2018,10:00:00 PM,22.861,14.003,22.747,22.288,18.831,17.359,28.848,29.284,29.388,29.128
6/7/2018,10:16:40 PM,22.859,13.9,22.725,22.27,18.767,17.293,28.851,29.273,29.353,29.165
6/7/2018,10:33:20 PM,22.82,13.81,22.705,22.245,18.726,17.233,28.846,29.324,29.447,29.186
6/7/2018,10:50:00 PM,22.794,13.721,22.678,22.201,18.664,17.154,28.847,29.254,29.314,28.999
6/7/2018,11:06:40 PM,22.806,13.656,22.67,22.214,18.633,17.085,28.848,29.164,29.275,29.029
6/7/2018,11:23:20 PM,22.771,13.566,22.61,22.151,18.541,17.051,28.851,29.293,29.352,29.139
6/7/2018,11:40:00 PM,22.741,13.467,22.58,22.12,18.498,16.94,28.855,29.332,29.427,29.168
6/7/2018,11:56:40 PM,22.731,13.389,22.566,22.077,18.456,16.886,28.852,29.051,29.108,28.806
6/8/2018,12:13:20 AM,22.655,13.297,22.513,22.043,18.378,16.826,28.846,29.003,29.11,28.767
6/8/2018,12:30:00 AM,22.659,13.224,22.506,22.025,18.35,16.742,28.845,28.905,29.017,28.718
6/8/2018,12:46:40 AM,22.623,13.122,22.468,21.978,18.266,16.705,28.845,28.947,29.053,28.7
6/8/2018,1:03:20 AM,22.575,13.026,22.433,21.977,18.242,16.574,28.851,28.823,28.934,28.513
6/8/2018,1:20:00 AM,22.586,12.929,22.438,21.916,18.14,16.544,28.845,28.745,28.871,28.567
6/8/2018,1:36:40 AM,22.539,12.846,22.378,21.901,18.079,16.47,28.845,28.65,28.692,28.399
6/8/2018,1:53:20 AM,22.522,12.778,22.335,21.841,18.054,16.375,28.857,28.532,28.66,28.264
6/8/2018,2:10:00 AM,22.491,12.698,22.337,21.824,17.99,16.316,28.863,28.667,28.758,28.277
6/8/2018,2:26:40 AM,22.48,12.614,22.337,21.81,17.946,16.288,28.872,28.702,28.79,28.412
6/8/2018,2:43:20 AM,22.493,12.564,22.325,21.815,17.913,16.223,28.871,29.1,29.19,28.78
6/8/2018,3:00:00 AM,22.487,12.514,22.327,21.819,17.884,16.189,28.885,29.115,29.217,28.859
6/8/2018,3:16:40 AM,22.471,12.418,22.32,21.799,17.803,16.116,28.889,29.434,29.519,29.13
6/8/2018,3:33:20 AM,22.451,12.355,22.307,21.78,17.819,16.093,28.894,29.672,29.765,29.482
6/8/2018,3:50:00 AM,22.436,12.277,22.285,21.739,17.741,16.034,28.895,29.594,29.668,29.537
6/8/2018,4:06:40 AM,22.395,12.17,22.242,21.685,17.666,15.918,28.899,29.233,29.301,29.027
6/8/2018,4:23:20 AM,22.356,12.093,22.232,21.678,17.614,15.873,28.898,29.073,29.157,28.731
6/8/2018,4:40:00 AM,22.354,12.035,22.217,21.664,17.572,15.831,28.897,29.179,29.275,28.897
6/8/2018,4:56:40 AM,22.328,11.931,22.151,21.641,17.514,15.786,28.894,29.213,29.259,28.911
6/8/2018,5:13:20 AM,22.323,11.847,22.14,21.597,17.479,15.724,28.892,29.066,29.127,28.778
6/8/2018,5:30:00 AM,22.288,11.79,22.14,21.592,17.432,15.638,28.887,29.063,29.112,28.739
6/8/2018,5:46:40 AM,22.277,11.701,22.113,21.561,17.372,15.601,28.885,29.21,29.287,28.917
6/8/2018,6:03:20 AM,22.235,11.634,22.085,21.532,17.346,15.53,28.883,29.144,29.228,28.847
6/8/2018,6:20:00 AM,22.223,11.575,22.075,21.53,17.309,15.507,28.88,29.239,29.291,28.915
6/8/2018,6:36:40 AM,22.18,11.477,22.05,21.502,17.225,15.458,28.883,29.193,29.256,28.97
6/8/2018,6:53:20 AM,22.145,11.386,22.053,21.476,17.197,15.392,28.885,29.053,29.123,28.828
6/8/2018,7:10:00 AM,22.181,11.315,22.008,21.448,17.151,15.331,28.878,29.066,29.138,28.668
6/8/2018,7:26:40 AM,22.146,11.253,21.986,21.416,17.078,15.261,28.876,29.101,29.177,28.793
6/8/2018,7:43:20 AM,22.13,11.174,21.96,21.392,17.065,15.208,28.879,29.146,29.243,28.889
6/8/2018,8:00:00 AM,22.097,11.092,21.958,21.364,16.985,15.15,28.883,29.151,29.194,28.877
6/8/2018,8:16:40 AM,22.065,11.035,21.934,21.377,16.955,15.091,28.883,29.051,29.136,28.7
6/8/2018,8:33:20 AM,22.078,10.956,21.875,21.328,16.905,15.029,28.881,29.019,29.092,28.749
6/8/2018,8:50:00 AM,22.011,10.877,21.88,21.297,16.849,14.978,28.888,29.031,29.121,28.801
6/8/2018,9:06:40 AM,21.977,10.796,21.857,21.271,16.802,14.914,28.892,28.97,29.042,28.606
6/8/2018,9:23:20 AM,21.986,10.728,21.83,21.252,16.74,14.85,28.891,29.02,29.098,28.7
6/8/2018,9:40:00 AM,21.943,10.661,21.809,21.204,16.699,14.784,28.891,29.068,29.122,28.713
6/8/2018,9:56:40 AM,21.959,10.596,21.784,21.189,16.669,14.765,28.89,28.918,28.984,28.621
6/8/2018,10:13:20 AM,21.879,10.5,21.755,21.142,16.59,14.692,28.888,28.932,29.007,28.589
6/8/2018,10:30:00 AM,21.906,10.418,21.75,21.133,16.562,14.645,28.895,28.879,28.979,28.617
6/8/2018,10:46:40 AM,21.856,10.346,21.702,21.107,16.512,14.579,28.914,28.764,28.848,28.447
6/8/2018,11:03:20 AM,21.825,10.272,21.684,21.062,16.451,14.52,28.907,28.775,28.83,28.438
6/8/2018,11:20:00 AM,21.816,10.186,21.681,21.053,16.386,14.488,28.913,28.76,28.835,28.353
6/8/2018,11:36:40 AM,21.758,10.133,21.653,21.017,16.373,14.394,28.919,28.804,28.882,28.413
6/8/2018,11:53:20 AM,21.768,10.044,21.622,21.022,16.31,14.367,28.921,28.813,28.875,28.607
6/8/2018,12:10:00 PM,21.73,9.974,21.582,20.978,16.254,14.283,28.928,28.838,28.94,28.615
6/8/2018,12:26:40 PM,21.707,9.897,21.567,20.937,16.219,14.241,28.935,28.688,28.805,28.369
6/8/2018,12:43:20 PM,21.716,9.846,21.558,20.912,16.191,14.194,28.935,29.007,29.096,28.532
6/8/2018,1:00:00 PM,21.67,9.788,21.539,20.891,16.153,14.143,28.938,28.913,28.986,28.654
6/8/2018,1:16:40 PM,21.688,9.717,21.515,20.865,16.099,14.084,28.94,28.853,28.952,28.538
6/8/2018,1:33:20 PM,21.662,9.655,21.52,20.876,16.068,14.03,28.949,28.958,29.071,28.658
6/8/2018,1:50:00 PM,21.642,9.591,21.491,20.877,16.025,14.012,28.948,29.047,29.156,28.797
6/8/2018,2:06:40 PM,21.668,9.542,21.489,20.84,16.005,13.963,28.945,29.15,29.215,28.874
6/8/2018,2:23:20 PM,21.65,9.464,21.484,20.86,15.99,13.909,28.942,29.409,29.478,29.148
6/8/2018,2:40:00 PM,21.629,9.411,21.473,20.855,15.935,13.886,28.943,29.423,29.506,29.215
6/8/2018,2:56:40 PM,21.638,9.348,21.482,20.829,15.9,13.846,28.952,29.639,29.703,29.444
6/8/2018,3:13:20 PM,21.588,9.274,21.469,20.814,15.847,13.808,28.953,29.536,29.601,29.402
6/8/2018,3:30:00 PM,21.561,9.223,21.407,20.763,15.816,13.755,28.942,29.244,29.303,29.069
6/8/2018,3:46:40 PM,21.535,9.146,21.404,20.731,15.758,13.673,28.944,29.062,29.198,29.01
6/8/2018,4:03:20 PM,21.529,9.088,21.377,20.707,15.716,13.624,28.946,29.107,29.22,28.922
6/8/2018,4:20:00 PM,21.497,9.034,21.347,20.696,15.685,13.591,28.945,29.087,29.218,28.948
6/8/2018,4:36:40 PM,21.49,8.978,21.297,20.697,15.653,13.549,28.941,29.148,29.247,28.871
6/8/2018,4:53:20 PM,21.493,8.911,21.334,20.655,15.633,13.495,28.942,29.106,29.179,28.814
6/8/2018,5:10:00 PM,21.481,8.876,21.305,20.638,15.594,13.446,28.94,29.245,29.363,28.963
6/8/2018,5:26:40 PM,21.486,8.8,21.305,20.609,15.541,13.407,28.933,29.278,29.391,29.111
6/8/2018,5:43:20 PM,21.463,8.742,21.309,20.63,15.507,13.349,28.94,29.443,29.538,29.254
6/8/2018,6:00:00 PM,21.462,8.692,21.277,20.619,15.493,13.345,28.937,29.39,29.516,29.181
6/8/2018,6:16:40 PM,21.458,8.661,21.284,20.626,15.469,13.285,28.933,29.58,29.678,29.299
6/8/2018,6:33:20 PM,21.459,8.587,21.269,20.606,15.432,13.236,28.93,30.192,30.285,30.136
6/8/2018,6:50:00 PM,21.455,8.548,21.264,20.598,15.44,13.214,28.922,29.752,29.829,29.559
6/8/2018,7:06:40 PM,21.446,8.508,21.248,20.586,15.4,13.163,28.917,29.832,29.96,29.691
6/8/2018,7:23:20 PM,21.42,8.437,21.225,20.607,15.336,13.111,28.93,30.211,30.297,30.106
6/8/2018,7:40:00 PM,21.424,8.375,21.223,20.544,15.286,13.084,28.929,30.234,30.339,30.134
6/8/2018,7:56:40 PM,21.413,8.332,21.215,20.529,15.285,13.044,28.924,30.285,30.396,30.162
6/8/2018,8:13:20 PM,21.386,8.275,21.194,20.497,15.237,13.01,28.919,30.463,30.552,30.329
6/8/2018,8:30:00 PM,21.358,8.198,21.187,20.524,15.206,12.95,28.916,30.474,30.543,30.237
6/8/2018,8:46:40 PM,21.354,8.155,21.17,20.47,15.173,12.886,28.915,30.384,30.5,30.283
6/8/2018,9:03:20 PM,21.353,8.106,21.134,20.468,15.128,12.831,28.916,30.561,30.634,30.492
6/8/2018,9:20:00 PM,21.331,8.032,21.109,20.432,15.081,12.812,28.918,30.579,30.643,30.497
6/8/2018,9:36:40 PM,21.292,7.967,21.113,20.407,15.044,12.727,28.928,30.613,30.712,30.561
6/8/2018,9:53:20 PM,21.278,7.918,21.064,20.361,15.017,12.672,28.933,30.398,30.481,30.262
6/8/2018,10:10:00 PM,21.247,7.861,21.06,20.348,14.968,12.624,28.928,30.339,30.439,30.27
6/8/2018,10:26:40 PM,21.236,7.805,21.038,20.334,14.933,12.573,28.929,30.47,30.568,30.413
6/8/2018,10:43:20 PM,21.233,7.726,21.005,20.317,14.872,12.508,28.93,30.21,30.337,30.07
6/8/2018,11:00:00 PM,21.164,7.687,20.988,20.275,14.827,12.471,28.93,30.247,30.393,30.195
6/8/2018,11:16:40 PM,21.148,7.597,20.948,20.252,14.808,12.4,28.919,30.168,30.275,30.061
6/8/2018,11:33:20 PM,21.113,7.542,20.938,20.231,14.74,12.359,28.92,30.001,30.09,29.887
6/8/2018,11:50:00 PM,21.099,7.469,20.904,20.169,14.692,12.297,28.937,30.117,30.165,29.989
6/9/2018,12:06:40 AM,21.085,7.41,20.863,20.122,14.656,12.228,28.941,29.976,30.039,29.828
6/9/2018,12:23:20 AM,21.023,7.365,20.82,20.11,14.608,12.158,28.943,29.866,29.924,29.747
6/9/2018,12:40:00 AM,21.009,7.284,20.797,20.053,14.546,12.109,28.931,29.896,29.938,29.713
6/9/2018,12:56:40 AM,20.976,7.229,20.783,20.053,14.486,12.046,28.93,29.579,29.604,29.385
6/9/2018,1:13:20 AM,20.957,7.183,20.75,20.001,14.459,11.976,28.93,29.642,29.693,29.501
6/9/2018,1:30:00 AM,20.921,7.095,20.69,19.989,14.408,11.926,28.929,29.558,29.575,29.343
6/9/2018,1:46:40 AM,20.915,7.045,20.668,19.941,14.354,11.88,28.915,29.338,29.414,29.225
6/9/2018,2:03:20 AM,20.848,6.978,20.61,19.914,14.304,11.81,28.924,29.208,29.254,29.087
6/9/2018,2:20:00 AM,20.828,6.906,20.635,19.848,14.263,11.742,28.925,29.141,29.134,28.925
6/9/2018,2:36:40 AM,20.795,6.849,20.586,19.839,14.212,11.687,28.932,29.073,29.137,28.898
6/9/2018,2:53:20 AM,20.759,6.793,20.541,19.775,14.165,11.645,28.939,28.979,29.063,28.857
6/9/2018,3:10:00 AM,20.745,6.717,20.518,19.745,14.096,11.582,28.944,28.976,29.086,28.773
6/9/2018,3:26:40 AM,20.747,6.671,20.479,19.711,14.11,11.514,28.941,28.797,28.853,28.404
6/9/2018,3:43:20 AM,20.752,6.655,20.523,19.709,14.079,11.475,28.937,29.055,29.145,28.621
6/9/2018,4:00:00 AM,20.728,6.608,20.513,19.724,14.034,11.454,28.952,29.275,29.348,28.938
6/9/2018,4:16:40 AM,20.728,6.537,20.496,19.712,13.996,11.382,28.944,29.232,29.311,28.911
6/9/2018,4:33:20 AM,20.731,6.506,20.483,19.695,13.96,11.369,28.939,29.317,29.387,28.966
6/9/2018,4:50:00 AM,20.698,6.45,20.476,19.697,13.915,11.351,28.937,29.325,29.411,29.097
6/9/2018,5:06:40 AM,20.719,6.391,20.454,19.69,13.902,11.311,28.935,29.372,29.432,29.124
6/9/2018,5:23:20 AM,20.665,6.349,20.471,19.657,13.898,11.233,28.926,29.416,29.483,29.073
6/9/2018,5:40:00 AM,20.682,6.306,20.454,19.678,13.848,11.228,28.933,29.472,29.533,29.187
6/9/2018,5:56:40 AM,20.654,6.248,20.441,19.608,13.795,11.189,28.93,29.488,29.544,29.232
6/9/2018,6:13:20 AM,20.651,6.205,20.41,19.59,13.787,11.137,28.922,29.492,29.517,29.191
6/9/2018,6:30:00 AM,20.628,6.147,20.413,19.575,13.741,11.092,28.92,29.497,29.558,29.215
6/9/2018,6:46:40 AM,20.599,6.106,20.399,19.541,13.7,11.053,28.92,29.544,29.59,29.271
6/9/2018,7:03:20 AM,20.585,6.05,20.309,19.538,13.638,11.019,28.92,29.552,29.609,29.275
6/9/2018,7:20:00 AM,20.55,5.999,20.352,19.506,13.61,10.951,28.922,29.377,29.448,29.186
6/9/2018,7:36:40 AM,20.527,5.947,20.312,19.467,13.579,10.895,28.915,29.307,29.38,28.985
6/9/2018,7:53:20 AM,20.511,5.896,20.304,19.484,13.517,10.846,28.913,29.39,29.459,29.093
6/9/2018,8:10:00 AM,20.475,5.82,20.277,19.441,13.5,10.797,28.909,29.32,29.396,29.044
6/9/2018,8:26:40 AM,20.475,5.785,20.256,19.427,13.456,10.768,28.909,29.308,29.374,29.025
6/9/2018,8:43:20 AM,20.445,5.732,20.224,19.39,13.432,10.712,28.911,29.383,29.457,29.075
6/9/2018,9:00:00 AM,20.431,5.697,20.244,19.382,13.397,10.677,28.91,29.308,29.375,28.924
6/9/2018,9:16:40 AM,20.401,5.633,20.216,19.341,13.375,10.642,28.907,29.236,29.309,28.938
6/9/2018,9:33:20 AM,20.399,5.602,20.194,19.342,13.318,10.605,28.905,29.268,29.338,28.947
6/9/2018,9:50:00 AM,20.352,5.543,20.174,19.291,13.283,10.544,28.909,29.255,29.338,28.916
6/9/2018,10:06:40 AM,20.355,5.492,20.134,19.261,13.258,10.482,28.911,29.259,29.296,28.967
6/9/2018,10:23:20 AM,20.321,5.434,20.099,19.234,13.189,10.449,28.914,29.201,29.297,28.949
6/9/2018,10:40:00 AM,20.267,5.39,20.084,19.236,13.169,10.393,28.921,28.987,29.016,28.607
6/9/2018,10:56:40 AM,20.254,5.341,20.064,19.206,13.113,10.331,28.906,29.003,29.078,28.669
6/9/2018,11:13:20 AM,20.238,5.271,20.04,19.184,13.091,10.314,28.906,29.114,29.151,28.83
6/9/2018,11:30:00 AM,20.245,5.241,20.011,19.143,13.04,10.26,28.908,28.998,29.012,28.575
6/9/2018,11:46:40 AM,20.196,5.197,20.011,19.112,12.99,10.208,28.914,29.081,29.116,28.72
6/9/2018,12:03:20 PM,20.19,5.136,20,19.097,12.986,10.158,28.932,28.957,29.017,28.626
6/9/2018,12:20:00 PM,20.161,5.085,19.968,19.074,12.936,10.128,28.936,29.029,29.083,28.715
6/9/2018,12:36:40 PM,20.137,5.04,19.974,19.051,12.894,10.074,28.932,29.022,29.096,28.606
6/9/2018,12:53:20 PM,20.124,5.002,19.949,19.05,12.872,10.04,28.926,28.969,29.039,28.618
6/9/2018,1:10:00 PM,20.136,4.971,19.915,19.04,12.835,9.993,28.931,29.165,29.229,28.857
6/9/2018,1:26:40 PM,20.104,4.92,19.905,19.006,12.77,9.953,28.933,29.048,29.12,28.798
6/9/2018,1:43:20 PM,20.113,4.896,19.893,18.993,12.734,9.944,28.933,28.958,29.027,28.664
6/9/2018,2:00:00 PM,20.072,4.844,19.857,18.971,12.75,9.886,28.929,28.989,29.056,28.701
6/9/2018,2:16:40 PM,20.069,4.801,19.864,18.945,12.694,9.835,28.918,29.109,29.155,28.861
6/9/2018,2:33:20 PM,20.042,4.762,19.829,18.921,12.667,9.786,28.919,29.066,29.141,28.793
6/9/2018,2:50:00 PM,20.039,4.709,19.839,18.924,12.617,9.743,28.933,29.091,29.146,28.8
6/9/2018,3:06:40 PM,20.025,4.689,19.821,18.902,12.612,9.702,28.923,29.197,29.249,28.858
6/9/2018,3:23:20 PM,20.002,4.648,19.802,18.851,12.582,9.683,28.924,29.309,29.329,29.064
6/9/2018,3:40:00 PM,19.98,4.627,19.763,18.845,12.539,9.642,28.927,29.183,29.223,28.917
6/9/2018,3:56:40 PM,19.96,4.545,19.74,18.812,12.505,9.583,28.943,29.054,29.133,28.789
6/9/2018,4:13:20 PM,19.951,4.528,19.716,18.806,12.464,9.555,28.934,29.231,29.289,28.95
6/9/2018,4:30:00 PM,19.95,4.49,19.712,18.79,12.461,9.534,28.926,29.227,29.275,28.921
6/9/2018,4:46:40 PM,19.952,4.462,19.722,18.77,12.419,9.471,28.93,29.353,29.414,29.053
6/9/2018,5:03:20 PM,19.935,4.406,19.723,18.81,12.403,9.446,28.926,29.344,29.391,29.078
6/9/2018,5:20:00 PM,19.902,4.378,19.688,18.765,12.376,9.434,28.919,29.277,29.332,29.059
6/9/2018,5:36:40 PM,19.874,4.338,19.68,18.75,12.345,9.354,28.911,29.354,29.394,29.189
6/9/2018,5:53:20 PM,19.869,4.322,19.663,18.739,12.295,9.33,28.907,29.314,29.34,29.108
6/9/2018,6:10:00 PM,19.868,4.258,19.636,18.701,12.255,9.282,28.899,29.318,29.34,29.01
6/9/2018,6:26:40 PM,19.848,4.224,19.618,18.67,12.234,9.253,28.883,29.372,29.409,29.181
6/9/2018,6:43:20 PM,19.824,4.2,19.615,18.662,12.209,9.243,28.876,29.31,29.348,29.019
6/9/2018,7:00:00 PM,19.82,4.182,19.593,18.666,12.183,9.195,28.868,29.414,29.451,29.158
6/9/2018,7:16:40 PM,19.825,4.14,19.634,18.632,12.183,9.175,28.861,29.45,29.508,29.19
6/9/2018,7:33:20 PM,19.795,4.087,19.598,18.63,12.135,9.135,28.87,29.548,29.606,29.35
6/9/2018,7:50:00 PM,19.785,4.069,19.567,18.585,12.107,9.08,28.863,29.568,29.618,29.338
6/9/2018,8:06:40 PM,19.785,4.028,19.568,18.589,12.08,9.031,28.858,29.425,29.485,29.147
6/9/2018,8:23:20 PM,19.773,4.001,19.56,18.607,12.063,9.002,28.847,29.476,29.507,29.197
6/9/2018,8:40:00 PM,19.758,3.982,19.548,18.567,12.014,8.989,28.844,29.568,29.658,29.463
6/9/2018,8:56:40 PM,19.716,3.931,19.497,18.523,11.979,8.955,28.829,29.513,29.585,29.457
6/9/2018,9:13:20 PM,19.68,3.87,19.497,18.512,11.921,8.894,28.828,29.397,29.47,29.296
6/9/2018,9:30:00 PM,19.667,3.853,19.438,18.488,11.899,8.843,28.83,29.228,29.304,29.07
6/9/2018,9:46:40 PM,19.645,3.791,19.412,18.429,11.853,8.769,28.814,29.197,29.241,29.044
6/9/2018,10:03:20 PM,19.616,3.762,19.375,18.389,11.813,8.725,28.813,28.905,28.982,28.862
6/9/2018,10:20:00 PM,19.599,3.722,19.327,18.364,11.788,8.698,28.811,28.897,28.975,28.714
6/9/2018,10:36:40 PM,19.556,3.681,19.315,18.339,11.738,8.634,28.798,28.755,28.851,28.581
6/9/2018,10:53:20 PM,19.543,3.654,19.3,18.322,11.703,8.607,28.8,28.674,28.681,28.461
6/9/2018,11:10:00 PM,19.524,3.61,19.282,18.279,11.666,8.536,28.799,28.523,28.619,28.365
6/9/2018,11:26:40 PM,19.502,3.572,19.224,18.252,11.628,8.483,28.796,28.518,28.618,28.3
6/9/2018,11:43:20 PM,19.464,3.54,19.224,18.213,11.609,8.454,28.796,28.637,28.644,28.397
6/10/2018,12:00:00 AM,19.447,3.496,19.216,18.22,11.571,8.379,28.792,28.486,28.533,28.152
6/10/2018,12:16:40 AM,19.474,3.47,19.201,18.187,11.537,8.378,28.793,28.463,28.554,28.063
6/10/2018,12:33:20 AM,19.467,3.45,19.217,18.21,11.518,8.328,28.801,28.783,28.861,28.422
6/10/2018,12:50:00 AM,19.479,3.437,19.218,18.2,11.505,8.321,28.796,28.861,28.918,28.558
6/10/2018,1:06:40 AM,19.456,3.406,19.208,18.213,11.475,8.258,28.789,28.86,28.918,28.556
6/10/2018,1:23:20 AM,19.444,3.343,19.192,18.164,11.455,8.264,28.799,29.041,29.072,28.69
6/10/2018,1:40:00 AM,19.423,3.342,19.168,18.174,11.415,8.209,28.82,29.149,29.2,28.913
6/10/2018,1:56:40 AM,19.426,3.312,19.175,18.136,11.399,8.165,28.817,29.21,29.253,28.939
6/10/2018,2:13:20 AM,19.405,3.291,19.152,18.143,11.384,8.152,28.809,29.212,29.256,28.969
6/10/2018,2:30:00 AM,19.39,3.278,19.125,18.104,11.359,8.094,28.803,29.184,29.207,28.878
6/10/2018,2:46:40 AM,19.363,3.219,19.127,18.096,11.332,8.078,28.808,29.286,29.298,29.004
6/10/2018,3:03:20 AM,19.342,3.17,19.102,18.081,11.299,8.031,28.81,29.223,29.253,28.988
6/10/2018,3:20:00 AM,19.33,3.15,19.069,18.07,11.277,7.999,28.806,29.171,29.208,28.939
6/10/2018,3:36:40 AM,19.343,3.141,19.097,18.042,11.224,7.951,28.797,29.192,29.238,28.857
6/10/2018,3:53:20 AM,19.317,3.095,19.087,18.023,11.213,7.945,28.793,29.224,29.232,28.872
6/10/2018,4:10:00 AM,19.311,3.068,19.032,17.997,11.172,7.898,28.785,29.102,29.157,28.851
6/10/2018,4:26:40 AM,19.288,3.041,19.037,17.981,11.196,7.843,28.778,29.213,29.279,28.927
6/10/2018,4:43:20 AM,19.274,2.988,19.034,17.958,11.134,7.863,28.778,29.216,29.261,28.926
6/10/2018,5:00:00 AM,19.238,2.971,18.993,17.93,11.119,7.801,28.77,29.178,29.193,28.859
6/10/2018,5:16:40 AM,19.218,2.93,18.973,17.925,11.063,7.737,28.772,29.199,29.262,28.946
6/10/2018,5:33:20 AM,19.22,2.891,18.956,17.904,11.052,7.719,28.771,29.192,29.224,28.88
6/10/2018,5:50:00 AM,19.206,2.876,18.953,17.891,11.02,7.691,28.765,29.276,29.33,28.982
6/10/2018,6:06:40 AM,19.165,2.855,18.911,17.867,10.992,7.651,28.768,29.149,29.176,28.888
6/10/2018,6:23:20 AM,19.162,2.799,18.919,17.844,10.935,7.606,28.782,29.063,29.14,28.753
6/10/2018,6:40:00 AM,19.15,2.777,18.872,17.793,10.905,7.555,28.785,29.088,29.092,28.77
6/10/2018,6:56:40 AM,19.132,2.743,18.844,17.803,10.879,7.532,28.782,29.078,29.143,28.822
6/10/2018,7:13:20 AM,19.088,2.707,18.848,17.796,10.861,7.496,28.776,29.073,29.123,28.855
6/10/2018,7:30:00 AM,19.093,2.691,18.828,17.76,10.83,7.441,28.774,29,29.045,28.668
6/10/2018,7:46:40 AM,19.073,2.669,18.82,17.705,10.806,7.434,28.764,28.996,29.027,28.724
6/10/2018,8:03:20 AM,19.035,2.639,18.799,17.695,10.771,7.382,28.762,29.06,29.071,28.752
6/10/2018,8:20:00 AM,19.033,2.596,18.794,17.663,10.726,7.322,28.751,28.813,28.867,28.626
6/10/2018,8:36:40 AM,18.966,2.569,18.767,17.63,10.682,7.299,28.741,28.732,28.818,28.489
6/10/2018,8:53:20 AM,18.968,2.543,18.734,17.654,10.682,7.294,28.734,28.784,28.882,28.465
6/10/2018,9:10:00 AM,18.985,2.491,18.722,17.639,10.632,7.264,28.728,28.744,28.827,28.492
6/10/2018,9:26:40 AM,18.959,2.471,18.687,17.581,10.614,7.201,28.733,28.764,28.799,28.39
6/10/2018,9:43:20 AM,18.949,2.467,18.693,17.581,10.635,7.161,28.734,28.801,28.854,28.492
6/10/2018,10:00:00 AM,18.958,2.425,18.67,17.577,10.562,7.144,28.727,28.825,28.909,28.483
6/10/2018,10:16:40 AM,18.919,2.401,18.622,17.558,10.523,7.082,28.726,28.868,28.912,28.569
6/10/2018,10:33:20 AM,18.882,2.385,18.631,17.533,10.495,7.053,28.733,28.803,28.869,28.555
6/10/2018,10:50:00 AM,18.857,2.344,18.597,17.491,10.477,7.044,28.731,28.8,28.877,28.448
6/10/2018,11:06:40 AM,18.856,2.331,18.609,17.473,10.442,7.003,28.73,28.772,28.854,28.501
6/10/2018,11:23:20 AM,18.81,2.261,18.562,17.46,10.417,6.976,28.729,28.657,28.719,28.469
6/10/2018,11:40:00 AM,18.81,2.259,18.548,17.443,10.357,6.916,28.729,28.532,28.581,28.193
6/10/2018,11:56:40 AM,18.791,2.251,18.521,17.419,10.334,6.893,28.736,28.597,28.688,28.277
6/10/2018,12:13:20 PM,18.793,2.194,18.522,17.381,10.298,6.832,28.743,28.648,28.681,28.399
6/10/2018,12:30:00 PM,18.743,2.173,18.52,17.38,10.277,6.832,28.749,28.541,28.643,28.2
6/10/2018,12:46:40 PM,18.75,2.126,18.458,17.37,10.266,6.777,28.747,28.613,28.659,28.338
6/10/2018,1:03:20 PM,18.747,2.121,18.471,17.336,10.236,6.726,28.748,28.662,28.708,28.358
6/10/2018,1:20:00 PM,18.722,2.108,18.451,17.325,10.2,6.723,28.742,28.686,28.771,28.41
6/10/2018,1:36:40 PM,18.696,2.09,18.441,17.295,10.194,6.673,28.745,28.588,28.639,28.259
6/10/2018,1:53:20 PM,18.687,2.045,18.43,17.276,10.146,6.662,28.742,28.726,28.772,28.356
6/10/2018,2:10:00 PM,18.693,2.018,18.41,17.265,10.114,6.628,28.738,28.74,28.774,28.423
6/10/2018,2:26:40 PM,18.675,2.027,18.386,17.271,10.099,6.586,28.734,28.613,28.665,28.437
6/10/2018,2:43:20 PM,18.634,1.965,18.356,17.215,10.044,6.542,28.727,28.588,28.624,28.355
6/10/2018,3:00:00 PM,18.627,1.957,18.373,17.217,10.049,6.507,28.728,28.548,28.61,28.219
6/10/2018,3:16:40 PM,18.623,1.94,18.352,17.224,10.026,6.49,28.727,28.578,28.626,28.235
6/10/2018,3:33:20 PM,18.61,1.946,18.345,17.201,10.005,6.466,28.712,28.637,28.702,28.353
6/10/2018,3:50:00 PM,18.618,1.908,18.326,17.138,10.001,6.421,28.714,28.729,28.781,28.354
6/10/2018,4:06:40 PM,18.597,1.904,18.311,17.184,9.98,6.449,28.71,28.768,28.854,28.467
6/10/2018,4:23:20 PM,18.588,1.872,18.305,17.158,9.935,6.4,28.71,28.805,28.847,28.54
6/10/2018,4:40:00 PM,18.581,1.852,18.298,17.139,9.927,6.368,28.703,28.892,28.941,28.577
6/10/2018,4:56:40 PM,18.584,1.837,18.313,17.166,9.908,6.389,28.697,28.934,28.999,28.664
6/10/2018,5:13:20 PM,18.576,1.828,18.332,17.14,9.9,6.305,28.71,29.11,29.143,28.785
6/10/2018,5:30:00 PM,18.551,1.791,18.291,17.144,9.859,6.312,28.704,29.234,29.298,29.136
6/10/2018,5:46:40 PM,18.548,1.765,18.255,17.105,9.842,6.276,28.704,29.2,29.253,29.048
6/10/2018,6:03:20 PM,18.542,1.762,18.244,17.088,9.825,6.252,28.698,29.134,29.157,28.925
6/10/2018,6:20:00 PM,18.512,1.749,18.235,17.075,9.818,6.219,28.692,29.021,29.094,28.865
6/10/2018,6:36:40 PM,18.515,1.716,18.223,17.044,9.779,6.2,28.685,29.101,29.134,28.925
6/10/2018,6:53:20 PM,18.476,1.728,18.206,17.048,9.734,6.165,28.681,28.983,29.044,28.803
6/10/2018,7:10:00 PM,18.467,1.684,18.195,17.033,9.731,6.145,28.665,29.149,29.207,28.93
6/10/2018,7:26:40 PM,18.474,1.668,18.173,16.999,9.699,6.094,28.653,29.068,29.152,29.017
6/10/2018,7:43:20 PM,18.429,1.667,18.154,16.962,9.683,6.075,28.649,28.972,29.002,28.766
6/10/2018,8:00:00 PM,18.397,1.611,18.125,16.971,9.64,6.033,28.653,28.989,29.031,28.805
6/10/2018,8:16:40 PM,18.418,1.623,18.134,16.933,9.62,6.032,28.644,28.959,29.02,28.839
6/10/2018,8:33:20 PM,18.408,1.591,18.105,16.953,9.588,5.976,28.645,28.843,28.928,28.667
6/10/2018,8:50:00 PM,18.406,1.593,18.101,16.9,9.566,5.93,28.639,28.909,29.022,28.817
6/10/2018,9:06:40 PM,18.382,1.551,18.066,16.879,9.532,5.925,28.641,28.822,28.896,28.721
6/10/2018,9:23:20 PM,18.335,1.545,18.023,16.842,9.508,5.888,28.641,28.745,28.821,28.608
6/10/2018,9:40:00 PM,18.323,1.505,18.003,16.816,9.466,5.834,28.639,28.699,28.801,28.61
6/10/2018,9:56:40 PM,18.288,1.474,17.998,16.795,9.439,5.786,28.639,28.715,28.796,28.494
6/10/2018,10:13:20 PM,18.25,1.457,17.993,16.747,9.41,5.782,28.644,28.617,28.659,28.507
6/10/2018,10:30:00 PM,18.293,1.457,17.958,16.748,9.402,5.737,28.636,28.461,28.519,28.194
6/10/2018,10:46:40 PM,18.271,1.429,17.956,16.741,9.38,5.72,28.649,28.708,28.764,28.408
6/10/2018,11:03:20 PM,18.242,1.432,17.929,16.729,9.347,5.69,28.646,28.745,28.803,28.529
6/10/2018,11:20:00 PM,18.232,1.413,17.917,16.724,9.328,5.647,28.655,28.699,28.748,28.38
6/10/2018,11:36:40 PM,18.21,1.403,17.901,16.699,9.303,5.628,28.658,28.766,28.831,28.554
6/10/2018,11:53:20 PM,18.23,1.379,17.891,16.675,9.279,5.615,28.657,28.813,28.874,28.535
6/11/2018,12:10:00 AM,18.194,1.355,17.896,16.668,9.263,5.575,28.666,28.884,28.926,28.595
6/11/2018,12:26:40 AM,18.203,1.339,17.91,16.656,9.232,5.593,28.664,28.896,28.957,28.647
6/11/2018,12:43:20 AM,18.193,1.341,17.851,16.651,9.211,5.543,28.66,29.044,29.11,28.774
6/11/2018,1:00:00 AM,18.184,1.301,17.858,16.636,9.206,5.511,28.664,29.013,29.08,28.685
6/11/2018,1:16:40 AM,18.168,1.307,17.857,16.632,9.183,5.504,28.662,29.109,29.149,28.818
6/11/2018,1:33:20 AM,18.134,1.299,17.847,16.601,9.151,5.47,28.67,29.081,29.132,28.727
6/11/2018,1:50:00 AM,18.117,1.249,17.821,16.566,9.12,5.43,28.686,29.103,29.132,28.813
6/11/2018,2:06:40 AM,18.082,1.261,17.818,16.566,9.083,5.429,28.684,28.986,29.045,28.691
6/11/2018,2:23:20 AM,18.069,1.248,17.804,16.547,9.065,5.392,28.689,29.045,29.094,28.734
6/11/2018,2:40:00 AM,18.072,1.207,17.75,16.53,9.042,5.347,28.69,29.115,29.145,28.743
6/11/2018,2:56:40 AM,18.075,1.196,17.757,16.517,9.023,5.329,28.684,29.036,29.069,28.736
6/11/2018,3:13:20 AM,18.039,1.163,17.75,16.494,8.998,5.313,28.691,29.082,29.129,28.77
6/11/2018,3:30:00 AM,18.029,1.171,17.732,16.47,8.96,5.292,28.686,28.999,29.067,28.728
6/11/2018,3:46:40 AM,18.031,1.139,17.705,16.454,8.945,5.274,28.685,29.024,29.087,28.733
6/11/2018,4:03:20 AM,17.998,1.122,17.709,16.422,8.923,5.218,28.681,28.988,29.053,28.651
6/11/2018,4:20:00 AM,17.985,1.12,17.676,16.41,8.872,5.218,28.675,29.007,29.063,28.754
6/11/2018,4:36:40 AM,17.966,1.111,17.656,16.395,8.89,5.198,28.679,28.921,28.993,28.608
6/11/2018,4:53:20 AM,17.93,1.088,17.637,16.367,8.853,5.187,28.675,29.006,29.051,28.706
6/11/2018,5:10:00 AM,17.907,1.074,17.612,16.366,8.795,5.155,28.682,28.805,28.877,28.48
6/11/2018,5:26:40 AM,17.895,1.064,17.585,16.322,8.805,5.119,28.685,28.816,28.88,28.498
6/11/2018,5:43:20 AM,17.883,1.051,17.593,16.313,8.78,5.081,28.682,28.853,28.887,28.528
6/11/2018,6:00:00 AM,17.894,1.041,17.577,16.317,8.756,5.076,28.68,28.828,28.872,28.514
6/11/2018,6:16:40 AM,17.882,1.027,17.55,16.293,8.725,5.041,28.682,28.913,28.954,28.588
6/11/2018,6:33:20 AM,17.845,1.03,17.538,16.292,8.706,5.026,28.683,28.733,28.784,28.388
6/11/2018,6:50:00 AM,17.838,0.986,17.531,16.27,8.658,4.998,28.68,28.842,28.896,28.538
6/11/2018,7:06:40 AM,17.82,1.01,17.502,16.242,8.654,4.999,28.676,28.809,28.914,28.598
6/11/2018,7:23:20 AM,17.798,0.982,17.501,16.211,8.639,4.959,28.672,28.787,28.871,28.483
6/11/2018,7:40:00 AM,17.778,0.963,17.456,16.211,8.611,4.949,28.67,28.7,28.778,28.353
6/11/2018,7:56:40 AM,17.77,0.95,17.457,16.195,8.585,4.93,28.669,28.769,28.831,28.504
6/11/2018,8:13:20 AM,17.749,0.937,17.436,16.134,8.564,4.89,28.673,28.67,28.729,28.363
6/11/2018,8:30:00 AM,17.742,0.912,17.433,16.117,8.521,4.883,28.687,28.685,28.762,28.382
6/11/2018,8:46:40 AM,17.719,0.909,17.404,16.101,8.534,4.84,28.691,28.644,28.706,28.35
6/11/2018,9:03:20 AM,17.693,0.887,17.383,16.059,8.494,4.821,28.682,28.743,28.779,28.45
6/11/2018,9:20:00 AM,17.714,0.904,17.385,16.084,8.465,4.82,28.686,29.138,29.199,28.763
6/11/2018,9:36:40 AM,17.701,0.89,17.397,16.075,8.439,4.816,28.689,29.521,29.57,29.172
6/11/2018,9:53:20 AM,17.719,0.868,17.393,16.088,8.425,4.792,28.692,29.914,29.973,29.583
6/11/2018,10:10:00 AM,17.69,0.886,17.37,16.072,8.44,4.796,28.706,29.946,29.974,29.681
6/11/2018,10:26:40 AM,17.675,0.863,17.37,16.061,8.42,4.763,28.714,30.353,30.356,30.075
6/11/2018,10:43:20 AM,17.67,0.859,17.376,16.051,8.379,4.76,28.731,30.575,30.592,30.347
6/11/2018,11:00:00 AM,17.686,0.863,17.377,16.064,8.396,4.745,28.733,30.859,30.867,30.634
6/11/2018,11:16:40 AM,17.669,0.852,17.352,16.051,8.372,4.724,28.739,30.913,30.91,30.703
6/11/2018,11:33:20 AM,17.664,0.838,17.357,16.073,8.344,4.714,28.745,31.086,31.07,30.854
6/11/2018,11:50:00 AM,17.678,0.832,17.345,16.015,8.347,4.695,28.75,31.246,31.241,31.024
6/11/2018,12:06:40 PM,17.653,0.825,17.352,16.015,8.31,4.699,28.767,31.28,31.29,31.086
6/11/2018,12:23:20 PM,17.627,0.817,17.312,15.987,8.307,4.696,28.776,31.327,31.343,31.149
6/11/2018,12:40:00 PM,17.605,0.794,17.31,16.037,8.288,4.671,28.772,31.397,31.408,31.202
6/11/2018,12:56:40 PM,17.624,0.809,17.301,15.999,8.285,4.708,28.772,31.597,31.615,31.426
6/11/2018,1:13:20 PM,17.599,0.778,17.274,15.955,8.237,4.634,28.779,31.4,31.41,31.307
6/11/2018,1:30:00 PM,17.553,0.775,17.245,15.905,8.172,4.604,28.774,30.231,30.278,30.043
6/11/2018,1:46:40 PM,17.542,0.751,17.214,15.884,8.162,4.571,28.783,29.773,29.785,29.524
6/11/2018,2:03:20 PM,17.485,0.726,17.204,15.854,8.1,4.542,28.79,29.641,29.722,29.449
6/11/2018,2:20:00 PM,17.463,0.724,17.154,15.817,8.068,4.522,28.794,29.592,29.619,29.326
6/11/2018,2:36:40 PM,17.433,0.703,17.104,15.747,8.044,4.48,28.777,29.417,29.412,29.183
6/11/2018,2:53:20 PM,17.433,0.713,17.111,15.778,8.034,4.469,28.778,29.071,29.156,28.744
6/11/2018,3:10:00 PM,17.422,0.7,17.087,15.747,7.996,4.454,28.783,29.12,29.169,28.78
6/11/2018,3:26:40 PM,17.41,0.691,17.089,15.709,8.005,4.446,28.784,29.172,29.242,28.827
6/11/2018,3:43:20 PM,17.382,0.684,17.063,15.727,7.981,4.439,28.785,29.246,29.309,28.943
6/11/2018,4:00:00 PM,17.405,0.699,17.037,15.726,7.95,4.404,28.783,29.347,29.403,29.059
6/11/2018,4:16:40 PM,17.366,0.676,17.046,15.689,7.929,4.383,28.788,29.605,29.655,29.376
6/11/2018,4:33:20 PM,17.36,0.675,17.054,15.673,7.931,4.375,28.789,29.324,29.376,29.095
6/11/2018,4:50:00 PM,17.349,0.673,17.02,15.653,7.91,4.366,28.795,29.294,29.344,29.074
6/11/2018,5:06:40 PM,17.313,0.661,16.987,15.635,7.879,4.352,28.8,29.289,29.321,29.033
6/11/2018,5:23:20 PM,17.297,0.655,16.969,15.637,7.871,4.329,28.799,29.225,29.251,29
6/11/2018,5:40:00 PM,17.276,0.642,16.947,15.59,7.83,4.294,28.795,29.092,29.151,28.832
6/11/2018,5:56:40 PM,17.287,0.63,16.935,15.592,7.799,4.307,28.792,29.121,29.206,28.86
6/11/2018,6:13:20 PM,17.261,0.642,16.935,15.566,7.784,4.292,28.79,29.013,29.099,28.78
6/11/2018,6:30:00 PM,17.24,0.647,16.929,15.568,7.753,4.276,28.79,29.402,29.451,29.099
6/11/2018,6:46:40 PM,17.264,0.632,16.897,15.557,7.745,4.288,28.785,29.353,29.396,29.093
6/11/2018,7:03:20 PM,17.229,0.607,16.914,15.542,7.735,4.251,28.783,29.327,29.399,29.102
6/11/2018,7:20:00 PM,17.232,0.647,16.89,15.521,7.748,4.256,28.778,29.748,29.785,29.492
6/11/2018,7:36:40 PM,17.209,0.624,16.875,15.513,7.711,4.23,28.794,29.617,29.664,29.383
6/11/2018,7:53:20 PM,17.211,0.632,16.885,15.523,7.678,4.217,28.794,29.544,29.645,29.37
6/11/2018,8:10:00 PM,17.186,0.594,16.861,15.493,7.684,4.21,28.795,29.592,29.658,29.44
6/11/2018,8:26:40 PM,17.196,0.62,16.841,15.491,7.667,4.185,28.787,29.695,29.723,29.509
6/11/2018,8:43:20 PM,17.191,0.606,16.849,15.438,7.642,4.181,28.786,29.559,29.619,29.317
6/11/2018,9:00:00 PM,17.179,0.624,16.832,15.439,7.611,4.173,28.786,29.477,29.552,29.204
6/11/2018,9:16:40 PM,17.151,0.591,16.82,15.432,7.61,4.188,28.787,29.592,29.634,29.332
6/11/2018,9:33:20 PM,17.154,0.612,16.786,15.42,7.596,4.146,28.79,29.682,29.729,29.46
6/11/2018,9:50:00 PM,17.153,0.616,16.804,15.384,7.564,4.146,28.789,29.688,29.767,29.489
6/11/2018,10:06:40 PM,17.14,0.583,16.788,15.405,7.552,4.144,28.785,29.877,29.948,29.677
6/11/2018,10:23:20 PM,17.123,0.587,16.792,15.38,7.53,4.124,28.787,29.821,29.894,29.614
6/11/2018,10:40:00 PM,17.114,0.568,16.752,15.362,7.511,4.086,28.791,29.793,29.849,29.538
6/11/2018,10:56:40 PM,17.106,0.573,16.741,15.39,7.506,4.091,28.79,29.814,29.886,29.596
6/11/2018,11:13:20 PM,17.069,0.555,16.752,15.371,7.479,4.091,28.79,29.811,29.873,29.575
6/11/2018,11:30:00 PM,17.075,0.565,16.724,15.337,7.457,4.078,28.791,30.26,30.33,30.104
6/11/2018,11:46:40 PM,17.048,0.559,16.68,15.31,7.437,4.047,28.793,29.877,29.927,29.678
6/12/2018,12:03:20 AM,17.038,0.564,16.71,15.297,7.42,4.024,28.797,29.761,29.806,29.476
6/12/2018,12:20:00 AM,17.025,0.576,16.67,15.249,7.391,4.003,28.804,29.801,29.836,29.558
6/12/2018,12:36:40 AM,16.973,0.531,16.635,15.251,7.359,3.991,28.811,29.745,29.802,29.545
6/12/2018,12:53:20 AM,16.986,0.546,16.649,15.232,7.335,3.966,28.817,29.732,29.762,29.516
6/12/2018,1:10:00 AM,16.966,0.525,16.607,15.205,7.3,3.972,28.823,29.713,29.761,29.466
6/12/2018,1:26:40 AM,16.948,0.518,16.599,15.197,7.289,3.943,28.828,29.72,29.741,29.429
6/12/2018,1:43:20 AM,16.951,0.52,16.584,15.144,7.263,3.909,28.83,29.754,29.775,29.513
6/12/2018,2:00:00 AM,16.931,0.497,16.579,15.147,7.259,3.92,28.839,29.677,29.73,29.417
6/12/2018,2:16:40 AM,16.862,0.499,16.532,15.112,7.243,3.899,28.849,29.657,29.722,29.388
6/12/2018,2:33:20 AM,16.885,0.513,16.556,15.124,7.204,3.883,28.855,30.552,30.631,30.197
6/12/2018,2:50:00 AM,16.906,0.493,16.552,15.136,7.185,3.89,28.857,31.052,31.113,30.744
6/12/2018,3:06:40 AM,16.904,0.49,16.544,15.102,7.197,3.882,28.864,31.133,31.17,30.859
6/12/2018,3:23:20 AM,16.907,0.523,16.549,15.097,7.191,3.896,28.862,31.277,31.309,31.013
6/12/2018,3:40:00 AM,16.896,0.525,16.525,15.131,7.19,3.887,28.859,31.496,31.522,31.28
6/12/2018,3:56:40 AM,16.893,0.514,16.526,15.118,7.174,3.885,28.869,31.586,31.566,31.36
6/12/2018,4:13:20 AM,16.897,0.508,16.518,15.104,7.168,3.89,28.87,31.739,31.732,31.519
6/12/2018,4:30:00 AM,16.871,0.521,16.516,15.048,7.118,3.878,28.864,31.786,31.769,31.563
6/12/2018,4:46:40 AM,16.874,0.499,16.503,15.094,7.125,3.867,28.863,32.05,32.066,31.865
6/12/2018,5:03:20 AM,16.869,0.523,16.516,15.068,7.12,3.84,28.86,32.376,32.383,32.175
6/12/2018,5:20:00 AM,16.871,0.517,16.493,15.079,7.121,3.855,28.856,32.54,32.558,32.358
6/12/2018,5:36:40 AM,16.844,0.515,16.475,15.075,7.124,3.841,28.848,32.571,32.566,32.354
6/12/2018,5:53:20 AM,16.845,0.505,16.47,15.023,7.099,3.865,28.848,32.414,32.41,32.2
6/12/2018,6:10:00 AM,16.85,0.5,16.477,15.024,7.057,3.844,28.848,32.351,32.346,32.12
6/12/2018,6:26:40 AM,16.824,0.51,16.459,15.019,7.046,3.826,28.851,32.329,32.311,32.09
6/12/2018,6:43:20 AM,16.799,0.504,16.46,15.002,7.034,3.808,28.866,32.376,32.363,32.128
6/12/2018,7:00:00 AM,16.79,0.473,16.432,15.009,7.02,3.8,28.867,32.318,32.305,32.092
6/12/2018,7:16:40 AM,16.772,0.501,16.429,14.979,6.978,3.797,28.868,32.328,32.307,32.087
6/12/2018,7:33:20 AM,16.77,0.492,16.421,14.965,6.979,3.767,28.873,32.307,32.286,32.058
6/12/2018,7:50:00 AM,16.741,0.476,16.376,14.937,6.935,3.766,28.873,32.243,32.233,31.994
6/12/2018,8:06:40 AM,16.751,0.485,16.417,14.945,6.911,3.783,28.877,32.279,32.271,32.022
6/12/2018,8:23:20 AM,16.724,0.493,16.387,14.925,6.926,3.779,28.87,32.304,32.299,32.063
6/12/2018,8:40:00 AM,16.701,0.479,16.368,14.903,6.902,3.756,28.872,32.256,32.249,32.003
6/12/2018,8:56:40 AM,16.715,0.478,16.341,14.844,6.891,3.731,28.873,32.27,32.267,32.027
