,,P38,P39,P40,P41,P42,P43,P44,P45,P46,Baro,T1,T2,T3
,,[V],[PSI],[PSI],[PSI],[PSI],[PSI],[PSI],[PSI],[PSI],[in.hga],[°C],[°C],[°C]
5/30/2018,11:46:40 AM,1.499,0.216,20.140,0.394,0.237,-0.133,0.030,-0.804,-0.447,28.715,29.296,29.370,28.411
5/30/2018,6:10:00 PM,-0.044,-0.327,-0.135,0.394,0.240,-0.134,0.024,-0.803,-0.443,28.675,30.358,30.422,29.525
5/30/2018,6:26:40 PM,-0.055,-0.329,-0.152,0.387,0.230,-0.134,0.028,-0.800,0.114,28.667,30.429,30.470,29.753
5/30/2018,6:43:20 PM,-0.055,-0.334,31.845,31.274,33.718,30.762,30.622,30.205,30.482,28.675,30.824,30.856,30.742
5/30/2018,7:00:00 PM,-0.057,-0.334,29.984,29.849,30.170,30.112,29.775,30.083,29.933,28.670,31.299,31.354,31.289
5/30/2018,7:16:40 PM,-0.047,-0.335,29.847,29.726,30.044,30.050,29.591,30.015,29.910,28.662,31.053,31.072,30.996
5/30/2018,7:33:20 PM,-0.048,-0.331,29.736,29.655,29.952,29.992,29.431,29.965,29.864,28.660,30.756,30.774,30.602
5/30/2018,7:50:00 PM,-0.057,-0.333,29.651,29.587,29.893,29.950,29.294,29.929,29.827,28.652,30.762,30.865,30.623
5/30/2018,8:06:40 PM,-0.049,-0.334,29.544,29.511,29.840,29.899,29.167,29.878,29.811,28.646,30.646,30.656,30.505
5/30/2018,8:23:20 PM,-0.058,-0.329,29.452,29.443,29.732,29.894,29.000,29.852,29.789,28.625,30.647,30.736,30.638
5/30/2018,8:40:00 PM,-0.055,-0.329,29.358,29.371,29.653,29.819,28.861,29.826,29.772,28.624,30.694,30.743,30.573
5/30/2018,8:56:40 PM,-0.052,-0.329,29.282,29.286,29.577,29.824,28.720,29.797,29.742,28.621,30.660,30.725,30.600
5/30/2018,9:13:20 PM,-0.057,-0.328,29.186,29.265,29.514,29.787,28.579,29.759,29.736,28.619,30.570,30.601,30.451
5/30/2018,9:30:00 PM,-0.053,-0.331,29.103,29.188,29.435,29.742,28.456,29.724,29.707,28.615,30.526,30.592,30.508
5/30/2018,9:46:40 PM,-0.055,-0.334,29.010,29.123,29.355,29.723,28.322,29.708,29.682,28.618,30.503,30.564,30.401
5/30/2018,10:03:20 PM,-0.061,-0.329,28.931,29.093,29.287,29.694,28.161,29.684,29.671,28.609,30.583,30.678,30.588
5/30/2018,10:20:00 PM,-0.050,-0.332,28.836,29.029,29.216,29.675,28.030,29.636,29.642,28.605,30.533,30.563,30.398
5/30/2018,10:36:40 PM,-0.059,-0.332,28.749,28.934,29.152,29.642,27.896,29.634,29.637,28.602,30.608,30.688,30.519
5/30/2018,10:53:20 PM,-0.055,-0.330,28.657,28.904,29.077,29.620,27.731,29.588,29.636,28.599,30.492,30.601,30.417
5/30/2018,11:10:00 PM,-0.056,-0.328,28.588,28.853,29.006,29.556,27.607,29.571,29.594,28.601,30.479,30.562,30.376
5/30/2018,11:26:40 PM,-0.057,-0.327,28.507,28.776,28.932,29.549,27.488,29.544,29.597,28.609,30.475,30.585,30.397
5/30/2018,11:43:20 PM,-0.050,-0.329,28.407,28.757,28.862,29.499,27.364,29.511,29.535,28.610,30.502,30.589,30.391
5/31/2018,12:00:00 AM,-0.052,-0.334,28.333,28.706,28.786,29.483,27.200,29.467,29.527,28.604,30.393,30.467,30.303
5/31/2018,12:16:40 AM,-0.049,-0.333,28.250,28.623,28.722,29.448,27.067,29.452,29.528,28.590,30.488,30.555,30.397
5/31/2018,12:33:20 AM,-0.045,-0.335,28.138,28.544,28.627,29.423,26.951,29.400,29.481,28.584,30.472,30.515,30.364
5/31/2018,12:50:00 AM,-0.052,-0.332,28.068,28.496,28.557,29.371,26.828,29.384,29.480,28.586,30.301,30.337,30.168
5/31/2018,1:06:40 AM,-0.053,-0.331,27.976,28.465,28.467,29.352,26.680,29.355,29.449,28.607,30.236,30.262,30.152
5/31/2018,1:23:20 AM,-0.046,-0.332,27.893,28.392,28.397,29.289,26.542,29.329,29.394,28.614,30.307,30.368,30.252
5/31/2018,1:40:00 AM,-0.050,-0.331,27.761,28.332,28.303,29.270,26.402,29.268,29.348,28.621,30.033,30.135,29.911
5/31/2018,1:56:40 AM,-0.052,-0.327,27.685,28.291,28.222,29.201,26.249,29.244,29.345,28.607,29.970,30.009,29.974
5/31/2018,2:13:20 AM,-0.054,-0.329,27.625,28.243,28.149,29.167,26.141,29.211,29.303,28.607,29.804,29.850,29.701
5/31/2018,2:30:00 AM,-0.051,-0.327,27.521,28.179,28.074,29.145,26.007,29.179,29.264,28.609,29.719,29.797,29.642
5/31/2018,2:46:40 AM,-0.047,-0.330,27.396,28.123,27.990,29.091,25.884,29.140,29.249,28.610,29.629,29.709,29.551
5/31/2018,3:03:20 AM,-0.050,-0.334,27.319,28.057,27.932,29.062,25.727,29.103,29.214,28.598,29.509,29.567,29.436
5/31/2018,3:20:00 AM,-0.058,-0.330,27.262,28.008,27.837,29.038,25.594,29.077,29.180,28.600,29.347,29.383,29.059
5/31/2018,3:36:40 AM,-0.050,-0.329,27.166,28.009,27.749,28.981,25.486,29.063,29.148,28.605,29.331,29.409,29.245
5/31/2018,3:53:20 AM,-0.051,-0.323,27.079,27.947,27.690,28.964,25.341,29.034,29.118,28.607,29.111,29.207,28.952
5/31/2018,4:10:00 AM,-0.050,-0.325,27.003,27.914,27.621,28.925,25.217,28.994,29.113,28.605,29.088,29.184,28.936
5/31/2018,4:26:40 AM,-0.054,-0.325,26.892,27.856,27.532,28.897,25.108,28.994,29.100,28.604,29.063,29.142,28.972
5/31/2018,4:43:20 AM,-0.048,-0.328,26.827,27.812,27.467,28.839,24.999,28.951,28.971,28.593,28.881,28.946,28.660
5/31/2018,5:00:00 AM,-0.049,-0.324,26.786,27.785,27.425,28.818,24.891,28.919,28.908,28.589,28.857,28.961,28.553
5/31/2018,5:16:40 AM,-0.049,-0.324,26.716,27.758,27.348,28.829,24.785,28.964,28.843,28.593,28.972,29.068,28.757
5/31/2018,5:33:20 AM,-0.055,-0.326,26.654,27.733,27.303,28.798,24.688,28.966,28.791,28.586,28.955,29.063,28.640
5/31/2018,5:50:00 AM,-0.049,-0.328,26.613,27.691,27.267,28.813,24.643,28.953,28.708,28.583,28.941,29.012,28.671
5/31/2018,6:06:40 AM,-0.055,-0.324,26.528,27.655,27.209,28.800,24.479,28.931,28.672,28.582,29.052,29.130,28.796
5/31/2018,6:23:20 AM,-0.055,-0.325,26.465,27.600,27.155,28.777,24.394,28.922,28.593,28.579,29.192,29.255,28.890
5/31/2018,6:40:00 AM,-0.047,-0.326,26.428,27.553,27.085,28.744,24.302,28.913,28.541,28.589,29.175,29.213,28.888
5/31/2018,6:56:40 AM,-0.046,-0.329,26.346,27.511,27.047,28.761,24.208,28.902,28.466,28.591,29.190,29.279,28.976
5/31/2018,7:13:20 AM,-0.044,-0.327,26.269,27.472,26.963,28.720,24.117,28.878,28.409,28.589,29.236,29.329,29.004
5/31/2018,7:30:00 AM,-0.056,-0.326,26.221,27.390,26.898,28.692,24.008,28.875,28.349,28.588,29.220,29.300,28.949
5/31/2018,7:46:40 AM,-0.058,-0.326,26.166,27.371,26.845,28.664,23.911,28.849,28.270,28.589,29.234,29.328,29.014
5/31/2018,8:03:20 AM,-0.057,-0.326,26.087,27.323,26.793,28.637,23.803,28.866,28.210,28.589,29.172,29.264,28.925
5/31/2018,8:20:00 AM,-0.050,-0.329,26.013,27.274,26.736,28.631,23.717,28.840,28.145,28.591,29.116,29.172,28.829
5/31/2018,8:36:40 AM,-0.049,-0.330,25.936,27.235,26.667,28.594,23.618,28.857,28.069,28.590,29.163,29.240,28.906
5/31/2018,8:53:20 AM,-0.052,-0.325,25.885,27.205,26.612,28.609,23.501,28.832,28.028,28.591,29.284,29.329,29.071
5/31/2018,9:10:00 AM,-0.046,-0.330,25.830,27.143,26.546,28.577,23.433,28.790,27.977,28.590,29.166,29.243,28.884
5/31/2018,9:26:40 AM,-0.058,-0.325,25.767,27.097,26.503,28.548,23.318,28.784,27.913,28.590,29.190,29.268,28.934
5/31/2018,9:43:20 AM,-0.043,-0.324,25.676,27.034,26.419,28.514,23.222,28.771,27.832,28.596,29.240,29.288,28.960
5/31/2018,10:00:00 AM,-0.043,-0.330,25.639,26.997,26.371,28.495,23.127,28.731,27.767,28.602,29.258,29.331,29.027
5/31/2018,10:16:40 AM,-0.055,-0.331,25.545,26.947,26.309,28.486,23.026,28.733,27.681,28.608,29.225,29.315,28.965
5/31/2018,10:33:20 AM,-0.061,-0.329,25.498,26.887,26.261,28.458,22.936,28.710,27.632,28.612,29.431,29.456,29.083
5/31/2018,10:50:00 AM,-0.045,-0.332,25.433,26.859,26.209,28.416,22.862,28.719,27.559,28.610,29.524,29.584,29.267
5/31/2018,11:06:40 AM,-0.045,-0.333,25.377,26.821,26.156,28.389,22.722,28.677,27.510,28.615,29.721,29.795,29.465
5/31/2018,11:23:20 AM,-0.042,-0.331,25.305,26.756,26.083,28.405,22.654,28.684,27.463,28.621,29.530,29.581,29.230
5/31/2018,11:40:00 AM,-0.059,-0.328,25.233,26.733,26.040,28.359,22.578,28.655,27.390,28.621,29.592,29.625,29.297
5/31/2018,11:56:40 AM,-0.061,-0.330,25.188,26.674,25.981,28.319,22.469,28.661,27.321,28.636,29.580,29.628,29.314
5/31/2018,12:13:20 PM,-0.048,-0.331,25.111,26.618,25.897,28.305,22.333,28.640,27.274,28.629,29.585,29.646,29.344
5/31/2018,12:30:00 PM,-0.054,-0.329,25.040,26.590,25.881,28.303,22.288,28.614,27.205,28.641,29.691,29.747,29.380
5/31/2018,12:46:40 PM,-0.048,-0.330,24.992,26.520,25.795,28.279,22.176,28.597,27.158,28.643,29.753,29.815,29.502
5/31/2018,1:03:20 PM,-0.061,-0.327,24.931,26.508,25.752,28.262,22.113,28.608,27.076,28.644,29.777,29.852,29.528
5/31/2018,1:20:00 PM,-0.047,-0.329,24.904,26.476,25.695,28.256,22.038,28.590,27.009,28.643,29.853,29.917,29.611
5/31/2018,1:36:40 PM,-0.056,-0.327,24.836,26.420,25.633,28.241,21.945,28.571,26.974,28.648,29.866,29.913,29.752
5/31/2018,1:53:20 PM,-0.050,-0.333,24.709,26.326,25.543,28.181,21.845,28.569,26.860,28.649,29.725,29.775,29.654
5/31/2018,2:10:00 PM,-0.054,-0.331,24.635,26.263,25.484,28.119,21.687,28.486,26.835,28.643,29.345,29.367,29.268
5/31/2018,2:26:40 PM,-0.039,-0.329,24.589,26.208,25.419,28.082,21.604,28.487,26.716,28.640,29.297,29.362,29.033
5/31/2018,2:43:20 PM,-0.058,-0.329,24.508,26.174,25.359,28.044,21.513,28.438,26.652,28.632,29.286,29.326,29.164
5/31/2018,3:00:00 PM,-0.047,-0.327,24.429,26.143,25.289,28.024,21.404,28.445,26.558,28.633,29.056,29.085,28.915
5/31/2018,3:16:40 PM,-0.055,-0.325,24.358,26.078,25.243,27.980,21.327,28.421,26.544,28.636,29.016,29.088,28.816
5/31/2018,3:33:20 PM,-0.051,-0.323,24.283,26.038,25.172,27.971,21.244,28.411,26.465,28.637,29.015,29.083,28.864
5/31/2018,3:50:00 PM,-0.047,-0.327,24.242,26.005,25.120,27.944,21.182,28.399,26.417,28.644,29.045,29.125,28.843
5/31/2018,4:06:40 PM,-0.039,-0.324,24.213,25.958,25.054,27.924,21.034,28.378,26.369,28.640,29.142,29.187,28.916
5/31/2018,4:23:20 PM,-0.049,-0.329,24.134,25.915,25.035,27.912,20.967,28.389,26.333,28.640,29.070,29.225,28.800
5/31/2018,4:40:00 PM,-0.051,-0.326,24.107,25.896,24.985,27.897,20.886,28.404,26.323,28.633,29.129,29.200,28.926
5/31/2018,4:56:40 PM,-0.054,-0.330,24.060,25.877,24.944,27.900,20.805,28.427,26.252,28.637,29.212,29.308,29.083
5/31/2018,5:13:20 PM,-0.046,-0.328,23.998,25.847,24.908,27.877,20.747,28.399,26.189,28.632,29.278,29.400,29.109
5/31/2018,5:30:00 PM,-0.052,-0.328,23.960,25.789,24.862,27.894,20.678,28.390,26.177,28.623,29.459,29.593,29.308
5/31/2018,5:46:40 PM,-0.061,-0.326,23.910,25.791,24.840,27.861,20.616,28.406,26.123,28.614,29.613,29.716,29.456
5/31/2018,6:03:20 PM,-0.051,-0.329,23.880,25.748,24.771,27.844,20.540,28.384,26.068,28.612,29.823,29.916,29.646
5/31/2018,6:20:00 PM,-0.048,-0.328,23.830,25.746,24.740,27.831,20.474,28.409,26.056,28.623,30.027,30.079,29.938
5/31/2018,6:36:40 PM,-0.048,-0.333,23.782,25.691,24.718,27.830,20.411,28.432,25.985,28.625,29.975,30.052,29.837
5/31/2018,6:53:20 PM,-0.047,-0.330,23.740,25.667,24.682,27.824,20.341,28.425,25.972,28.618,30.185,30.285,30.016
5/31/2018,7:10:00 PM,-0.056,-0.328,23.703,25.634,24.621,27.815,20.225,28.423,25.942,28.615,30.357,30.460,30.220
5/31/2018,7:26:40 PM,-0.057,-0.324,23.638,25.604,24.593,27.809,20.180,28.432,25.878,28.602,30.380,30.488,30.258
5/31/2018,7:43:20 PM,-0.050,-0.330,23.636,25.605,24.549,27.790,20.120,28.463,25.845,28.609,30.519,30.623,30.380
5/31/2018,8:00:00 PM,-0.056,-0.331,23.559,25.536,24.499,27.785,20.049,28.457,25.811,28.598,30.740,30.804,30.623
5/31/2018,8:16:40 PM,-0.048,-0.331,23.532,25.516,24.469,27.784,19.995,28.425,25.769,28.601,30.776,30.874,30.609
5/31/2018,8:33:20 PM,-0.053,-0.330,23.480,25.493,24.451,27.755,19.922,28.470,25.749,28.593,30.770,30.847,30.622
5/31/2018,8:50:00 PM,-0.055,-0.334,23.430,25.480,24.402,27.754,19.857,28.453,25.682,28.589,30.960,31.011,30.832
5/31/2018,9:06:40 PM,-0.047,-0.333,23.387,25.436,24.359,27.741,19.772,28.443,25.631,28.582,31.033,31.122,30.988
5/31/2018,9:23:20 PM,-0.051,-0.331,23.335,25.406,24.312,27.732,19.724,28.422,25.618,28.587,31.071,31.120,30.957
5/31/2018,9:40:00 PM,-0.047,-0.331,23.280,25.360,24.267,27.706,19.659,28.418,25.561,28.591,31.222,31.294,31.116
5/31/2018,9:56:40 PM,-0.052,-0.333,23.227,25.339,24.198,27.692,19.536,28.421,25.494,28.599,31.205,31.243,31.080
5/31/2018,10:13:20 PM,-0.054,-0.329,23.186,25.301,24.155,27.670,19.482,28.399,25.467,28.599,31.016,31.095,30.955
5/31/2018,10:30:00 PM,-0.044,-0.327,23.138,25.248,24.130,27.625,19.409,28.401,25.399,28.589,31.137,31.213,30.947
5/31/2018,10:46:40 PM,-0.048,-0.334,23.086,25.198,24.053,27.592,19.336,28.409,25.336,28.590,31.139,31.223,31.017
5/31/2018,11:03:20 PM,-0.047,-0.333,23.035,25.148,24.007,27.586,19.253,28.377,25.294,28.589,31.399,31.446,31.255
5/31/2018,11:20:00 PM,-0.051,-0.327,22.968,25.127,23.941,27.561,19.174,28.357,25.230,28.595,31.248,31.356,31.173
5/31/2018,11:36:40 PM,-0.055,-0.330,22.950,25.085,23.918,27.514,19.111,28.362,25.182,28.596,31.257,31.338,31.177
5/31/2018,11:53:20 PM,-0.048,-0.330,22.878,25.052,23.860,27.525,19.031,28.328,25.121,28.596,31.323,31.391,31.201
6/1/2018,12:10:00 AM,-0.056,-0.331,22.816,24.992,23.795,27.468,18.951,28.349,25.063,28.605,31.421,31.435,31.293
6/1/2018,12:26:40 AM,-0.053,-0.329,22.753,24.932,23.747,27.435,18.849,28.313,25.019,28.606,30.979,31.043,30.839
6/1/2018,12:43:20 AM,-0.056,-0.329,22.696,24.894,23.700,27.425,18.788,28.281,24.918,28.597,31.144,31.191,31.043
6/1/2018,1:00:00 AM,-0.052,-0.324,22.637,24.852,23.629,27.397,18.707,28.287,24.915,28.592,31.070,31.176,30.865
6/1/2018,1:16:40 AM,-0.047,-0.335,22.572,24.813,23.575,27.343,18.612,28.260,24.825,28.594,31.077,31.088,30.875
6/1/2018,1:33:20 AM,-0.058,-0.330,22.485,24.760,23.556,27.333,18.542,28.212,24.762,28.582,31.011,31.064,30.829
6/1/2018,1:50:00 AM,-0.047,-0.331,22.441,24.737,23.464,27.299,18.472,28.204,24.691,28.591,30.772,30.821,30.619
6/1/2018,2:06:40 AM,-0.049,-0.330,22.371,24.657,23.396,27.257,18.362,28.170,24.622,28.598,30.701,30.723,30.501
6/1/2018,2:23:20 AM,-0.054,-0.332,22.303,24.615,23.323,27.190,18.281,28.165,24.548,28.610,30.741,30.809,30.584
6/1/2018,2:40:00 AM,-0.051,-0.334,22.276,24.569,23.267,27.189,18.206,28.150,24.503,28.610,30.628,30.661,30.419
6/1/2018,2:56:40 AM,-0.046,-0.329,22.167,24.518,23.215,27.136,18.087,28.103,24.439,28.600,30.411,30.522,30.285
6/1/2018,3:13:20 AM,-0.057,-0.327,22.136,24.461,23.145,27.130,18.034,28.091,24.366,28.603,30.361,30.434,30.244
6/1/2018,3:30:00 AM,-0.045,-0.331,22.074,24.412,23.100,27.077,17.962,28.061,24.301,28.607,30.331,30.472,30.198
6/1/2018,3:46:40 AM,-0.050,-0.328,21.993,24.390,23.018,27.038,17.871,28.037,24.266,28.609,30.232,30.282,30.050
6/1/2018,4:03:20 AM,-0.060,-0.331,21.954,24.342,22.991,26.996,17.774,28.022,24.194,28.606,30.140,30.225,30.104
6/1/2018,4:20:00 AM,-0.048,-0.333,21.899,24.270,22.914,26.961,17.709,28.030,24.127,28.607,30.083,30.185,29.977
6/1/2018,4:36:40 AM,-0.057,-0.327,21.834,24.235,22.855,26.915,17.641,27.975,24.045,28.608,30.031,30.154,29.866
6/1/2018,4:53:20 AM,-0.052,-0.332,21.768,24.161,22.815,26.905,17.547,27.958,24.006,28.608,29.911,30.038,29.781
6/1/2018,5:10:00 AM,-0.049,-0.331,21.718,24.141,22.764,26.854,17.478,27.953,23.957,28.594,29.858,29.995,29.758
6/1/2018,5:26:40 AM,-0.049,-0.334,21.642,24.084,22.689,26.811,17.396,27.939,23.896,28.594,29.790,29.964,29.613
6/1/2018,5:43:20 AM,-0.046,-0.332,21.588,24.015,22.624,26.795,17.314,27.913,23.816,28.589,29.590,29.757,29.451
6/1/2018,6:00:00 AM,-0.052,-0.329,21.523,24.002,22.583,26.754,17.279,27.919,23.775,28.595,29.463,29.585,29.353
6/1/2018,6:16:40 AM,-0.059,-0.330,21.462,23.945,22.503,26.709,17.183,27.865,23.697,28.595,29.456,29.607,29.356
6/1/2018,6:33:20 AM,-0.050,-0.326,21.383,23.894,22.465,26.672,17.115,27.867,23.676,28.586,29.505,29.621,29.346
6/1/2018,6:50:00 AM,-0.055,-0.331,21.327,23.819,22.405,26.622,17.006,27.827,23.574,28.593,29.466,29.618,29.295
6/1/2018,7:06:40 AM,-0.050,-0.326,21.288,23.810,22.354,26.600,16.954,27.814,23.550,28.595,29.320,29.441,29.116
6/1/2018,7:23:20 AM,-0.047,-0.329,21.217,23.744,22.282,26.579,16.852,27.772,23.466,28.588,29.332,29.465,29.167
6/1/2018,7:40:00 AM,-0.054,-0.327,21.173,23.674,22.217,26.554,16.793,27.775,23.410,28.585,29.047,29.221,28.958
6/1/2018,7:56:40 AM,-0.043,-0.331,21.092,23.668,22.168,26.525,16.706,27.766,23.342,28.584,29.053,29.269,28.932
6/1/2018,8:13:20 AM,-0.058,-0.326,21.069,23.629,22.110,26.481,16.638,27.750,23.296,28.580,29.148,29.298,29.081
6/1/2018,8:30:00 AM,-0.049,-0.324,21.001,23.580,22.037,26.439,16.547,27.722,23.220,28.587,28.935,29.091,28.680
6/1/2018,8:46:40 AM,-0.051,-0.321,20.937,23.508,22.025,26.394,16.486,27.687,23.174,28.585,28.847,29.004,28.507
6/1/2018,9:03:20 AM,-0.057,-0.327,20.897,23.495,21.967,26.435,16.438,27.701,23.133,28.597,28.857,29.013,28.473
6/1/2018,9:20:00 AM,-0.041,-0.329,20.859,23.484,21.923,26.408,16.389,27.720,23.114,28.593,29.147,29.242,28.742
6/1/2018,9:36:40 AM,-0.044,-0.325,20.840,23.452,21.920,26.399,16.370,27.737,23.072,28.601,29.151,29.285,28.825
6/1/2018,9:53:20 AM,-0.062,-0.330,20.820,23.424,21.897,26.408,16.289,27.754,23.064,28.605,29.212,29.350,28.864
6/1/2018,10:10:00 AM,-0.049,-0.328,20.784,23.397,21.844,26.402,16.242,27.737,23.023,28.609,29.352,29.469,29.006
6/1/2018,10:26:40 AM,-0.056,-0.330,20.748,23.383,21.805,26.389,16.200,27.762,22.995,28.625,29.410,29.524,29.137
6/1/2018,10:43:20 AM,-0.048,-0.323,20.718,23.342,21.749,26.393,16.114,27.764,22.957,28.632,29.525,29.629,29.170
6/1/2018,11:00:00 AM,-0.044,-0.329,20.666,23.304,21.706,26.370,16.080,27.745,22.925,28.636,29.560,29.684,29.237
6/1/2018,11:16:40 AM,-0.047,-0.329,20.617,23.279,21.677,26.325,16.021,27.724,22.874,28.640,29.717,29.850,29.414
6/1/2018,11:33:20 AM,-0.059,-0.329,20.547,23.210,21.591,26.334,15.936,27.696,22.810,28.640,29.690,29.815,29.516
6/1/2018,11:50:00 AM,-0.058,-0.328,20.489,23.153,21.533,26.263,15.853,27.658,22.752,28.650,29.610,29.738,29.498
6/1/2018,12:06:40 PM,-0.059,-0.326,20.454,23.091,21.477,26.226,15.792,27.644,22.705,28.653,29.585,29.650,29.206
6/1/2018,12:23:20 PM,-0.051,-0.326,20.400,23.076,21.440,26.185,15.745,27.655,22.665,28.654,29.450,29.529,29.058
6/1/2018,12:40:00 PM,-0.054,-0.330,20.352,23.048,21.399,26.196,15.698,27.679,22.626,28.646,29.467,29.575,29.118
6/1/2018,12:56:40 PM,-0.043,-0.331,20.341,23.004,21.367,26.201,15.649,27.660,22.604,28.648,29.530,29.635,29.137
6/1/2018,1:13:20 PM,-0.054,-0.331,20.278,22.984,21.348,26.213,15.603,27.678,22.597,28.649,29.665,29.771,29.349
6/1/2018,1:30:00 PM,-0.056,-0.332,20.255,22.959,21.270,26.162,15.550,27.688,22.537,28.648,29.861,29.957,29.589
6/1/2018,1:46:40 PM,-0.056,-0.325,20.197,22.904,21.242,26.114,15.496,27.646,22.502,28.650,29.855,29.931,29.629
6/1/2018,2:03:20 PM,-0.045,-0.330,20.139,22.867,21.184,26.105,15.408,27.647,22.472,28.654,29.786,29.889,29.552
6/1/2018,2:20:00 PM,-0.056,-0.327,20.097,22.825,21.160,26.082,15.384,27.650,22.405,28.649,29.719,29.822,29.395
6/1/2018,2:36:40 PM,-0.048,-0.330,20.079,22.791,21.113,26.102,15.301,27.614,22.349,28.649,29.808,29.890,29.578
6/1/2018,2:53:20 PM,-0.061,-0.331,20.020,22.742,21.074,26.053,15.254,27.591,22.307,28.654,29.726,29.814,29.491
6/1/2018,3:10:00 PM,-0.052,-0.328,19.956,22.707,21.012,26.013,15.207,27.595,22.279,28.654,29.775,29.868,29.479
6/1/2018,3:26:40 PM,-0.047,-0.327,19.941,22.667,20.975,26.019,15.146,27.611,22.219,28.652,29.758,29.845,29.527
6/1/2018,3:43:20 PM,-0.046,-0.329,19.865,22.633,20.931,25.966,15.067,27.569,22.188,28.659,29.995,30.027,29.807
6/1/2018,4:00:00 PM,-0.054,-0.327,19.816,22.564,20.842,25.907,14.979,27.549,22.124,28.663,29.648,29.760,29.524
6/1/2018,4:16:40 PM,-0.051,-0.327,19.755,22.519,20.789,25.842,14.916,27.541,22.045,28.656,29.518,29.631,29.308
6/1/2018,4:33:20 PM,-0.045,-0.332,19.723,22.451,20.760,25.829,14.838,27.505,21.998,28.656,29.274,29.454,29.153
6/1/2018,4:50:00 PM,-0.053,-0.330,19.641,22.433,20.686,25.816,14.766,27.452,21.945,28.650,29.139,29.250,28.868
6/1/2018,5:06:40 PM,-0.046,-0.323,19.590,22.380,20.639,25.774,14.716,27.472,21.915,28.641,29.204,29.322,29.036
6/1/2018,5:23:20 PM,-0.052,-0.328,19.527,22.326,20.606,25.721,14.672,27.430,21.836,28.639,29.073,29.224,28.832
6/1/2018,5:40:00 PM,-0.042,-0.330,19.485,22.284,20.540,25.712,14.599,27.439,21.824,28.631,29.009,29.138,28.795
6/1/2018,5:56:40 PM,-0.052,-0.327,19.445,22.262,20.537,25.696,14.554,27.443,21.765,28.628,29.181,29.290,28.910
6/1/2018,6:13:20 PM,-0.049,-0.329,19.379,22.231,20.482,25.670,14.480,27.428,21.712,28.625,29.102,29.230,28.912
6/1/2018,6:30:00 PM,-0.049,-0.326,19.369,22.191,20.430,25.686,14.442,27.427,21.699,28.624,29.143,29.222,28.865
6/1/2018,6:46:40 PM,-0.042,-0.327,19.341,22.178,20.414,25.627,14.396,27.393,21.641,28.633,29.201,29.286,28.969
6/1/2018,7:03:20 PM,-0.057,-0.324,19.299,22.102,20.368,25.609,14.337,27.414,21.590,28.633,29.202,29.342,29.011
6/1/2018,7:20:00 PM,-0.052,-0.324,19.273,22.111,20.309,25.590,14.276,27.383,21.577,28.632,29.244,29.349,29.022
6/1/2018,7:36:40 PM,-0.053,-0.328,19.219,22.088,20.298,25.576,14.261,27.427,21.538,28.628,29.306,29.413,29.165
6/1/2018,7:53:20 PM,-0.042,-0.328,19.176,22.044,20.253,25.565,14.200,27.402,21.494,28.624,29.243,29.363,29.043
6/1/2018,8:10:00 PM,-0.044,-0.329,19.156,22.012,20.202,25.561,14.155,27.416,21.467,28.618,29.394,29.495,29.206
6/1/2018,8:26:40 PM,-0.060,-0.330,19.134,21.952,20.178,25.546,14.101,27.400,21.430,28.617,29.372,29.479,29.099
6/1/2018,8:43:20 PM,-0.043,-0.331,19.082,21.941,20.149,25.511,14.043,27.422,21.395,28.626,29.658,29.767,29.540
6/1/2018,9:00:00 PM,-0.061,-0.332,19.027,21.922,20.098,25.461,13.984,27.399,21.347,28.625,29.419,29.562,29.220
6/1/2018,9:16:40 PM,-0.052,-0.327,19.010,21.893,20.058,25.470,13.952,27.415,21.273,28.625,29.492,29.614,29.327
6/1/2018,9:33:20 PM,-0.052,-0.329,18.961,21.849,20.016,25.436,13.899,27.390,21.246,28.630,29.560,29.674,29.383
6/1/2018,9:50:00 PM,-0.049,-0.329,18.905,21.798,19.976,25.410,13.849,27.366,21.210,28.631,29.572,29.702,29.385
6/1/2018,10:06:40 PM,-0.045,-0.330,18.849,21.769,19.922,25.373,13.752,27.366,21.150,28.620,29.567,29.701,29.340
6/1/2018,10:23:20 PM,-0.057,-0.324,18.812,21.698,19.877,25.352,13.691,27.330,21.114,28.621,29.535,29.648,29.404
6/1/2018,10:40:00 PM,-0.043,-0.330,18.768,21.677,19.823,25.328,13.645,27.328,21.068,28.622,29.361,29.458,29.125
6/1/2018,10:56:40 PM,-0.060,-0.325,18.716,21.624,19.787,25.280,13.585,27.317,21.041,28.623,29.482,29.613,29.315
6/1/2018,11:13:20 PM,-0.062,-0.327,18.707,21.580,19.760,25.271,13.542,27.288,20.948,28.624,29.383,29.508,29.183
6/1/2018,11:30:00 PM,-0.048,-0.327,18.612,21.548,19.705,25.229,13.483,27.318,20.910,28.625,29.465,29.555,29.281
6/1/2018,11:46:40 PM,-0.059,-0.332,18.588,21.502,19.666,25.208,13.429,27.298,20.864,28.632,29.369,29.463,29.164
6/2/2018,12:03:20 AM,-0.047,-0.329,18.541,21.465,19.596,25.172,13.346,27.262,20.831,28.630,29.427,29.534,29.244
6/2/2018,12:20:00 AM,-0.047,-0.329,18.516,21.432,19.544,25.165,13.342,27.256,20.798,28.634,29.474,29.564,29.399
6/2/2018,12:36:40 AM,-0.053,-0.333,18.440,21.374,19.524,25.136,13.256,27.220,20.757,28.634,29.296,29.400,29.136
6/2/2018,12:53:20 AM,-0.049,-0.325,18.409,21.350,19.478,25.088,13.186,27.206,20.691,28.641,29.286,29.376,29.167
6/2/2018,1:10:00 AM,-0.051,-0.327,18.361,21.310,19.443,25.043,13.148,27.204,20.640,28.636,29.321,29.408,29.132
6/2/2018,1:26:40 AM,-0.056,-0.327,18.312,21.256,19.369,25.042,13.111,27.151,20.592,28.640,29.280,29.339,29.100
6/2/2018,1:43:20 AM,-0.047,-0.326,18.269,21.199,19.325,25.005,13.047,27.152,20.554,28.643,29.148,29.245,28.964
6/2/2018,2:00:00 AM,-0.057,-0.321,18.199,21.171,19.268,24.972,12.964,27.118,20.497,28.651,29.123,29.182,28.964
6/2/2018,2:16:40 AM,-0.043,-0.328,18.164,21.113,19.229,24.936,12.924,27.100,20.438,28.655,28.913,29.037,28.784
6/2/2018,2:33:20 AM,-0.042,-0.327,18.119,21.043,19.174,24.883,12.841,27.095,20.382,28.656,29.050,29.194,28.915
6/2/2018,2:50:00 AM,-0.054,-0.324,18.082,21.023,19.131,24.876,12.790,27.069,20.360,28.657,28.994,29.096,28.722
6/2/2018,3:06:40 AM,-0.037,-0.327,18.031,20.990,19.093,24.839,12.765,27.081,20.307,28.657,28.904,28.992,28.572
6/2/2018,3:23:20 AM,-0.056,-0.329,18.023,20.977,19.074,24.857,12.699,27.077,20.278,28.656,29.094,29.197,28.799
6/2/2018,3:40:00 AM,-0.048,-0.323,17.951,20.927,19.023,24.836,12.648,27.062,20.219,28.659,29.157,29.258,28.803
6/2/2018,3:56:40 AM,-0.047,-0.321,17.947,20.913,18.997,24.800,12.605,27.057,20.187,28.656,29.204,29.337,28.971
6/2/2018,4:13:20 AM,-0.048,-0.327,17.895,20.892,18.970,24.766,12.574,27.068,20.170,28.672,29.154,29.278,28.903
6/2/2018,4:30:00 AM,-0.044,-0.332,17.883,20.830,18.923,24.768,12.493,27.053,20.133,28.667,29.168,29.277,28.839
6/2/2018,4:46:40 AM,-0.055,-0.329,17.831,20.822,18.887,24.762,12.485,27.054,20.102,28.668,29.187,29.277,28.929
6/2/2018,5:03:20 AM,-0.041,-0.329,17.804,20.774,18.858,24.725,12.443,27.063,20.068,28.669,29.167,29.240,28.905
6/2/2018,5:20:00 AM,-0.050,-0.324,17.750,20.765,18.828,24.698,12.407,27.039,20.038,28.660,29.214,29.289,28.834
6/2/2018,5:36:40 AM,-0.053,-0.326,17.748,20.732,18.760,24.685,12.379,27.036,19.987,28.661,29.167,29.244,28.807
6/2/2018,5:53:20 AM,-0.050,-0.324,17.690,20.714,18.751,24.705,12.320,27.058,19.933,28.656,29.263,29.361,28.900
6/2/2018,6:10:00 AM,-0.045,-0.328,17.689,20.672,18.706,24.675,12.286,27.021,19.926,28.659,29.327,29.399,28.939
6/2/2018,6:26:40 AM,-0.045,-0.327,17.645,20.639,18.661,24.659,12.275,27.040,19.877,28.659,29.360,29.430,29.023
6/2/2018,6:43:20 AM,-0.056,-0.326,17.589,20.604,18.640,24.634,12.207,27.050,19.865,28.654,29.300,29.410,28.997
6/2/2018,7:00:00 AM,-0.053,-0.328,17.554,20.565,18.592,24.614,12.184,27.033,19.846,28.653,29.293,29.412,29.011
6/2/2018,7:16:40 AM,-0.056,-0.328,17.518,20.512,18.552,24.600,12.125,27.023,19.805,28.655,29.248,29.365,28.925
6/2/2018,7:33:20 AM,-0.043,-0.325,17.482,20.497,18.510,24.573,12.081,27.017,19.757,28.666,29.267,29.368,29.017
6/2/2018,7:50:00 AM,-0.043,-0.329,17.440,20.471,18.504,24.562,12.030,26.987,19.705,28.670,29.363,29.414,28.987
6/2/2018,8:06:40 AM,-0.043,-0.329,17.392,20.415,18.446,24.534,11.965,26.966,19.677,28.674,29.435,29.520,29.160
6/2/2018,8:23:20 AM,-0.047,-0.325,17.366,20.396,18.401,24.489,11.954,26.960,19.646,28.667,29.392,29.487,29.094
6/2/2018,8:40:00 AM,-0.052,-0.324,17.287,20.338,18.354,24.474,11.892,26.942,19.582,28.665,29.395,29.526,29.126
6/2/2018,8:56:40 AM,-0.045,-0.329,17.261,20.318,18.303,24.423,11.861,26.947,19.567,28.659,29.276,29.394,28.971
6/2/2018,9:13:20 AM,-0.052,-0.328,17.253,20.243,18.274,24.437,11.759,26.918,19.526,28.665,29.274,29.397,29.007
6/2/2018,9:30:00 AM,-0.053,-0.325,17.176,20.233,18.215,24.395,11.716,26.901,19.479,28.673,29.274,29.387,29.013
6/2/2018,9:46:40 AM,-0.058,-0.326,17.135,20.170,18.185,24.368,11.699,26.879,19.436,28.678,29.084,29.182,28.769
6/2/2018,10:03:20 AM,-0.059,-0.327,17.090,20.153,18.139,24.345,11.647,26.851,19.385,28.684,29.201,29.297,28.876
6/2/2018,10:20:00 AM,-0.054,-0.327,17.072,20.115,18.107,24.314,11.597,26.887,19.355,28.691,29.104,29.215,28.735
6/2/2018,10:36:40 AM,-0.048,-0.326,17.047,20.079,18.078,24.279,11.542,26.842,19.342,28.693,29.153,29.253,28.774
6/2/2018,10:53:20 AM,-0.058,-0.325,16.982,20.051,18.013,24.287,11.502,26.828,19.258,28.698,29.199,29.279,28.812
6/2/2018,11:10:00 AM,-0.052,-0.325,16.956,19.998,17.965,24.238,11.451,26.829,19.267,28.708,29.095,29.186,28.728
6/2/2018,11:26:40 AM,-0.051,-0.326,16.916,19.941,17.920,24.223,11.421,26.790,19.197,28.708,29.191,29.290,28.996
6/2/2018,11:43:20 AM,-0.057,-0.332,16.872,19.920,17.885,24.170,11.354,26.780,19.140,28.713,29.089,29.186,28.788
6/2/2018,12:00:00 PM,-0.057,-0.325,16.815,19.889,17.841,24.155,11.296,26.787,19.097,28.720,28.968,29.043,28.574
6/2/2018,12:16:40 PM,-0.048,-0.324,16.774,19.848,17.828,24.125,11.262,26.781,19.081,28.719,29.114,29.199,28.769
6/2/2018,12:33:20 PM,-0.049,-0.328,16.735,19.808,17.780,24.097,11.230,26.735,19.019,28.707,29.024,29.156,28.740
6/2/2018,12:50:00 PM,-0.048,-0.329,16.702,19.771,17.741,24.085,11.196,26.743,18.983,28.710,28.973,29.063,28.653
6/2/2018,1:06:40 PM,-0.051,-0.328,16.671,19.733,17.697,24.069,11.121,26.722,18.970,28.708,28.998,29.087,28.635
6/2/2018,1:23:20 PM,-0.055,-0.329,16.627,19.711,17.677,24.022,11.116,26.728,18.954,28.711,28.950,28.999,28.633
6/2/2018,1:40:00 PM,-0.045,-0.326,16.608,19.683,17.646,24.002,11.038,26.723,18.897,28.714,28.913,29.028,28.598
6/2/2018,1:56:40 PM,-0.048,-0.325,16.573,19.646,17.599,23.993,11.032,26.729,18.868,28.707,28.840,28.919,28.529
6/2/2018,2:13:20 PM,-0.044,-0.327,16.546,19.625,17.573,23.983,10.987,26.701,18.828,28.724,28.846,28.942,28.494
6/2/2018,2:30:00 PM,-0.054,-0.329,16.502,19.602,17.538,23.957,10.914,26.690,18.786,28.723,28.961,29.045,28.679
6/2/2018,2:46:40 PM,-0.053,-0.324,16.467,19.570,17.486,23.928,10.903,26.666,18.762,28.707,28.863,28.948,28.482
6/2/2018,3:03:20 PM,-0.040,-0.322,16.431,19.522,17.458,23.890,10.827,26.682,18.720,28.718,28.880,28.960,28.536
6/2/2018,3:20:00 PM,-0.046,-0.330,16.412,19.526,17.421,23.898,10.801,26.687,18.689,28.716,28.882,28.958,28.543
6/2/2018,3:36:40 PM,-0.052,-0.325,16.362,19.461,17.412,23.873,10.767,26.678,18.651,28.715,28.950,29.045,28.704
6/2/2018,3:53:20 PM,-0.061,-0.331,16.322,19.458,17.349,23.855,10.747,26.671,18.622,28.718,28.968,29.038,28.702
6/2/2018,4:10:00 PM,-0.047,-0.330,16.303,19.432,17.331,23.800,10.699,26.641,18.617,28.721,28.961,29.077,28.680
6/2/2018,4:26:40 PM,-0.060,-0.326,16.268,19.389,17.308,23.813,10.679,26.671,18.560,28.726,29.008,29.106,28.745
6/2/2018,4:43:20 PM,-0.044,-0.324,16.246,19.354,17.280,23.807,10.614,26.670,18.551,28.725,29.137,29.193,28.819
6/2/2018,5:00:00 PM,-0.046,-0.329,16.201,19.348,17.254,23.774,10.613,26.649,18.525,28.726,29.101,29.216,28.870
6/2/2018,5:16:40 PM,-0.055,-0.326,16.191,19.299,17.224,23.766,10.609,26.651,18.499,28.733,29.245,29.336,28.983
6/2/2018,5:33:20 PM,-0.044,-0.327,16.172,19.287,17.205,23.755,10.511,26.653,18.465,28.727,29.218,29.338,29.133
6/2/2018,5:50:00 PM,-0.043,-0.329,16.097,19.248,17.137,23.710,10.489,26.630,18.420,28.734,29.356,29.437,29.206
6/2/2018,6:06:40 PM,-0.038,-0.328,16.057,19.207,17.111,23.676,10.420,26.634,18.385,28.732,29.095,29.213,28.893
6/2/2018,6:23:20 PM,-0.050,-0.326,16.036,19.152,17.071,23.653,10.378,26.610,18.329,28.731,29.034,29.126,28.862
6/2/2018,6:40:00 PM,-0.040,-0.326,15.976,19.130,17.026,23.614,10.355,26.619,18.321,28.733,29.016,29.137,28.856
6/2/2018,6:56:40 PM,-0.045,-0.328,15.974,19.124,16.998,23.593,10.301,26.586,18.282,28.731,28.992,29.099,28.849
6/2/2018,7:13:20 PM,-0.055,-0.327,15.926,19.083,16.961,23.596,10.274,26.594,18.232,28.726,29.115,29.227,28.929
6/2/2018,7:30:00 PM,-0.050,-0.329,15.902,19.067,16.947,23.565,10.232,26.610,18.215,28.720,29.012,29.112,28.816
6/2/2018,7:46:40 PM,-0.056,-0.325,15.874,19.021,16.950,23.554,10.201,26.598,18.173,28.720,29.164,29.277,29.056
6/2/2018,8:03:20 PM,-0.057,-0.327,15.836,19.021,16.900,23.507,10.182,26.580,18.137,28.716,29.266,29.373,29.070
6/2/2018,8:20:00 PM,-0.049,-0.326,15.806,19.007,16.876,23.532,10.119,26.592,18.146,28.709,29.283,29.394,29.199
6/2/2018,8:36:40 PM,-0.060,-0.328,15.799,18.997,16.835,23.503,10.094,26.579,18.112,28.703,29.161,29.299,29.008
6/2/2018,8:53:20 PM,-0.047,-0.326,15.753,18.941,16.825,23.462,10.063,26.616,18.063,28.696,29.310,29.432,29.130
6/2/2018,9:10:00 PM,-0.045,-0.331,15.730,18.939,16.812,23.463,10.025,26.587,18.038,28.689,29.336,29.520,29.304
6/2/2018,9:26:40 PM,-0.059,-0.324,15.717,18.876,16.752,23.456,10.009,26.583,18.004,28.687,29.355,29.505,29.239
6/2/2018,9:43:20 PM,-0.052,-0.324,15.681,18.866,16.735,23.418,9.967,26.578,17.963,28.676,29.431,29.548,29.295
6/2/2018,10:00:00 PM,-0.054,-0.328,15.634,18.857,16.704,23.405,9.923,26.581,17.946,28.672,29.272,29.404,29.118
6/2/2018,10:16:40 PM,-0.057,-0.326,15.651,18.818,16.700,23.403,9.875,26.570,17.938,28.670,29.388,29.525,29.291
6/2/2018,10:33:20 PM,-0.056,-0.327,15.580,18.805,16.644,23.389,9.838,26.569,17.891,28.669,29.444,29.552,29.335
6/2/2018,10:50:00 PM,-0.041,-0.331,15.536,18.740,16.586,23.356,9.815,26.549,17.849,28.669,29.547,29.639,29.314
6/2/2018,11:06:40 PM,-0.047,-0.329,15.539,18.735,16.589,23.308,9.782,26.544,17.814,28.676,29.312,29.393,29.110
6/2/2018,11:23:20 PM,-0.053,-0.325,15.492,18.687,16.559,23.293,9.725,26.553,17.751,28.672,29.364,29.509,29.224
6/2/2018,11:40:00 PM,-0.046,-0.326,15.439,18.656,16.507,23.260,9.685,26.519,17.744,28.667,29.364,29.500,29.259
6/2/2018,11:56:40 PM,-0.054,-0.325,15.395,18.644,16.488,23.255,9.640,26.513,17.687,28.667,29.383,29.525,29.260
6/3/2018,12:13:20 AM,-0.045,-0.329,15.376,18.588,16.450,23.220,9.619,26.484,17.656,28.667,29.397,29.470,29.230
6/3/2018,12:30:00 AM,-0.047,-0.322,15.340,18.567,16.387,23.180,9.572,26.484,17.618,28.656,29.192,29.327,29.079
6/3/2018,12:46:40 AM,-0.055,-0.328,15.295,18.527,16.349,23.166,9.498,26.476,17.557,28.666,29.315,29.452,29.284
6/3/2018,1:03:20 AM,-0.049,-0.325,15.266,18.483,16.326,23.101,9.462,26.437,17.536,28.670,29.193,29.300,29.110
6/3/2018,1:20:00 AM,-0.056,-0.327,15.213,18.399,16.292,23.108,9.442,26.418,17.458,28.674,28.960,29.075,28.859
6/3/2018,1:36:40 AM,-0.055,-0.321,15.160,18.384,16.235,23.057,9.402,26.375,17.426,28.681,28.960,29.048,28.828
6/3/2018,1:53:20 AM,-0.050,-0.323,15.127,18.363,16.216,23.007,9.354,26.368,17.366,28.689,28.948,29.076,28.690
6/3/2018,2:10:00 AM,-0.056,-0.325,15.123,18.360,16.176,22.999,9.315,26.375,17.363,28.690,28.955,29.042,28.713
6/3/2018,2:26:40 AM,-0.045,-0.327,15.101,18.323,16.166,23.021,9.300,26.356,17.287,28.693,28.964,29.070,28.693
6/3/2018,2:43:20 AM,-0.044,-0.328,15.068,18.338,16.135,22.956,9.274,26.400,17.310,28.686,29.106,29.215,28.836
6/3/2018,3:00:00 AM,-0.040,-0.325,15.035,18.278,16.109,22.984,9.218,26.383,17.271,28.705,29.120,29.209,28.853
6/3/2018,3:16:40 AM,-0.041,-0.321,15.035,18.284,16.075,22.953,9.208,26.390,17.253,28.703,29.195,29.291,28.866
6/3/2018,3:33:20 AM,-0.044,-0.327,15.012,18.228,16.045,22.952,9.202,26.373,17.223,28.699,29.183,29.236,28.896
6/3/2018,3:50:00 AM,-0.044,-0.331,14.977,18.204,16.056,22.933,9.174,26.383,17.212,28.699,29.158,29.271,28.864
6/3/2018,4:06:40 AM,-0.053,-0.323,14.929,18.198,16.016,22.921,9.119,26.394,17.171,28.693,29.172,29.275,28.880
6/3/2018,4:23:20 AM,-0.043,-0.325,14.912,18.118,15.971,22.913,9.054,26.391,17.152,28.687,29.254,29.317,28.986
6/3/2018,4:40:00 AM,-0.049,-0.325,14.872,18.159,15.950,22.878,9.068,26.379,17.118,28.679,29.262,29.333,28.984
6/3/2018,4:56:40 AM,-0.052,-0.324,14.830,18.111,15.890,22.864,9.033,26.361,17.097,28.683,29.337,29.438,29.142
6/3/2018,5:13:20 AM,-0.039,-0.329,14.821,18.038,15.860,22.818,8.996,26.315,17.045,28.680,29.365,29.449,29.255
6/3/2018,5:30:00 AM,-0.050,-0.325,14.762,18.029,15.841,22.797,8.957,26.308,17.018,28.676,29.141,29.263,28.816
6/3/2018,5:46:40 AM,-0.051,-0.324,14.762,17.995,15.808,22.766,8.917,26.284,16.962,28.671,29.078,29.192,28.767
6/3/2018,6:03:20 AM,-0.049,-0.325,14.700,17.987,15.743,22.745,8.897,26.312,16.946,28.673,29.245,29.339,29.026
6/3/2018,6:20:00 AM,-0.053,-0.321,14.667,17.950,15.752,22.704,8.869,26.270,16.904,28.674,29.071,29.162,28.722
6/3/2018,6:36:40 AM,-0.048,-0.324,14.666,17.921,15.697,22.715,8.838,26.287,16.893,28.670,29.097,29.206,28.756
6/3/2018,6:53:20 AM,-0.051,-0.327,14.627,17.880,15.671,22.684,8.810,26.252,16.845,28.665,29.012,29.133,28.745
6/3/2018,7:10:00 AM,-0.045,-0.327,14.590,17.859,15.636,22.646,8.782,26.258,16.828,28.650,29.160,29.241,28.835
6/3/2018,7:26:40 AM,-0.055,-0.322,14.579,17.805,15.610,22.613,8.742,26.242,16.788,28.649,29.145,29.240,28.788
6/3/2018,7:43:20 AM,-0.048,-0.321,14.531,17.820,15.599,22.626,8.724,26.218,16.770,28.641,28.972,29.017,28.663
6/3/2018,8:00:00 AM,-0.045,-0.325,14.482,17.760,15.558,22.575,8.671,26.228,16.735,28.639,28.995,29.074,28.822
6/3/2018,8:16:40 AM,-0.052,-0.326,14.457,17.731,15.531,22.526,8.619,26.212,16.708,28.636,28.978,29.094,28.678
6/3/2018,8:33:20 AM,-0.047,-0.325,14.428,17.695,15.494,22.526,8.617,26.219,16.687,28.629,28.953,29.058,28.598
6/3/2018,8:50:00 AM,-0.058,-0.328,14.395,17.675,15.427,22.506,8.539,26.223,16.645,28.630,28.969,29.047,28.645
6/3/2018,9:06:40 AM,-0.056,-0.325,14.372,17.656,15.422,22.486,8.524,26.150,16.623,28.628,29.123,29.190,28.730
6/3/2018,9:23:20 AM,-0.041,-0.327,14.355,17.639,15.408,22.473,8.537,26.172,16.615,28.626,29.174,29.271,28.836
6/3/2018,9:40:00 AM,-0.044,-0.327,14.352,17.629,15.386,22.465,8.499,26.196,16.563,28.624,29.592,29.682,29.222
6/3/2018,9:56:40 AM,-0.042,-0.328,14.344,17.630,15.378,22.485,8.486,26.219,16.581,28.638,29.972,30.051,29.689
6/3/2018,10:13:20 AM,-0.042,-0.324,14.320,17.572,15.357,22.465,8.472,26.240,16.555,28.639,30.258,30.316,30.016
6/3/2018,10:30:00 AM,-0.058,-0.328,14.306,17.592,15.345,22.482,8.452,26.230,16.536,28.648,30.427,30.467,30.170
6/3/2018,10:46:40 AM,-0.052,-0.325,14.268,17.583,15.291,22.447,8.412,26.222,16.502,28.648,30.510,30.550,30.246
6/3/2018,11:03:20 AM,-0.044,-0.330,14.245,17.528,15.292,22.419,8.398,26.251,16.488,28.646,30.665,30.706,30.398
6/3/2018,11:20:00 AM,-0.046,-0.329,14.235,17.535,15.273,22.421,8.362,26.221,16.513,28.644,31.086,31.130,30.872
6/3/2018,11:36:40 AM,-0.056,-0.330,14.221,17.525,15.268,22.399,8.363,26.260,16.448,28.656,30.966,30.973,30.714
6/3/2018,11:53:20 AM,-0.056,-0.330,14.168,17.484,15.221,22.372,8.309,26.235,16.443,28.654,31.363,31.361,31.326
6/3/2018,12:10:00 PM,-0.045,-0.333,14.088,17.407,15.155,22.290,8.267,26.201,16.378,28.643,30.394,30.398,30.239
6/3/2018,12:26:40 PM,-0.043,-0.330,14.084,17.394,15.129,22.273,8.228,26.174,16.332,28.642,29.965,30.035,29.703
6/3/2018,12:43:20 PM,-0.051,-0.328,14.035,17.363,15.084,22.257,8.208,26.147,16.343,28.644,29.814,29.897,29.587
6/3/2018,1:00:00 PM,-0.056,-0.326,14.013,17.321,15.046,22.220,8.156,26.152,16.263,28.644,29.657,29.750,29.407
6/3/2018,1:16:40 PM,-0.046,-0.328,13.970,17.258,15.001,22.171,8.111,26.109,16.238,28.629,29.520,29.584,29.356
6/3/2018,1:33:20 PM,-0.051,-0.326,13.956,17.265,14.988,22.145,8.115,26.105,16.205,28.629,29.389,29.478,29.113
6/3/2018,1:50:00 PM,-0.049,-0.327,13.901,17.248,14.950,22.145,8.077,26.112,16.199,28.628,29.187,29.262,28.889
6/3/2018,2:06:40 PM,-0.055,-0.327,13.877,17.233,14.932,22.133,8.064,26.089,16.173,28.625,29.135,29.201,28.827
6/3/2018,2:23:20 PM,-0.051,-0.329,13.875,17.197,14.918,22.092,8.018,26.107,16.139,28.621,29.116,29.150,28.805
6/3/2018,2:40:00 PM,-0.054,-0.327,13.852,17.150,14.892,22.101,8.005,26.101,16.120,28.614,29.158,29.236,28.904
6/3/2018,2:56:40 PM,-0.054,-0.325,13.836,17.179,14.869,22.070,8.010,26.108,16.121,28.608,29.217,29.307,28.999
6/3/2018,3:13:20 PM,-0.053,-0.328,13.788,17.138,14.841,22.059,7.939,26.099,16.082,28.599,29.382,29.486,29.217
6/3/2018,3:30:00 PM,-0.056,-0.327,13.747,17.088,14.800,22.000,7.927,26.088,16.031,28.596,29.375,29.479,29.185
6/3/2018,3:46:40 PM,-0.055,-0.330,13.717,17.075,14.780,21.998,7.914,26.049,15.997,28.596,29.150,29.211,28.977
6/3/2018,4:03:20 PM,-0.056,-0.325,13.698,17.054,14.757,21.933,7.875,26.076,15.991,28.590,29.017,29.069,28.764
6/3/2018,4:20:00 PM,-0.048,-0.328,13.650,17.021,14.728,21.928,7.846,26.034,15.943,28.580,29.169,29.256,28.959
6/3/2018,4:36:40 PM,-0.055,-0.324,13.662,17.002,14.717,21.901,7.801,26.051,15.920,28.578,29.049,29.176,28.944
6/3/2018,4:53:20 PM,-0.049,-0.328,13.600,16.986,14.680,21.876,7.792,26.035,15.890,28.571,29.110,29.125,28.901
6/3/2018,5:10:00 PM,-0.043,-0.327,13.594,16.948,14.635,21.836,7.755,26.023,15.867,28.562,28.958,29.032,28.805
6/3/2018,5:26:40 PM,-0.051,-0.321,13.555,16.927,14.653,21.837,7.738,26.056,15.861,28.544,29.042,29.111,28.880
6/3/2018,5:43:20 PM,-0.044,-0.329,13.539,16.928,14.638,21.815,7.695,26.046,15.836,28.539,29.068,29.196,28.946
6/3/2018,6:00:00 PM,-0.046,-0.327,13.542,16.913,14.615,21.808,7.679,26.052,15.801,28.539,29.148,29.227,28.961
6/3/2018,6:16:40 PM,-0.054,-0.324,13.510,16.874,14.576,21.766,7.675,26.047,15.798,28.541,29.311,29.442,29.268
6/3/2018,6:33:20 PM,-0.052,-0.329,13.456,16.850,14.559,21.750,7.612,26.055,15.733,28.545,29.485,29.571,29.422
6/3/2018,6:50:00 PM,-0.049,-0.328,13.425,16.832,14.523,21.745,7.604,26.017,15.698,28.540,29.319,29.429,29.193
6/3/2018,7:06:40 PM,-0.054,-0.322,13.428,16.786,14.502,21.704,7.562,26.005,15.691,28.523,29.274,29.404,29.184
6/3/2018,7:23:20 PM,-0.042,-0.327,13.392,16.776,14.469,21.665,7.525,25.994,15.647,28.520,29.260,29.372,29.095
6/3/2018,7:40:00 PM,-0.044,-0.328,13.368,16.756,14.452,21.641,7.520,25.971,15.614,28.518,29.183,29.323,29.059
6/3/2018,7:56:40 PM,-0.044,-0.322,13.325,16.729,14.419,21.610,7.475,25.984,15.573,28.520,29.216,29.303,29.089
6/3/2018,8:13:20 PM,-0.043,-0.327,13.322,16.703,14.384,21.596,7.446,25.970,15.566,28.524,29.143,29.255,28.991
6/3/2018,8:30:00 PM,-0.044,-0.325,13.280,16.667,14.356,21.563,7.418,25.966,15.529,28.527,29.091,29.187,29.000
6/3/2018,8:46:40 PM,-0.052,-0.319,13.251,16.613,14.344,21.520,7.394,25.971,15.508,28.527,29.196,29.337,29.065
6/3/2018,9:03:20 PM,-0.055,-0.322,13.246,16.637,14.295,21.528,7.381,25.934,15.485,28.532,29.229,29.334,29.145
6/3/2018,9:20:00 PM,-0.056,-0.323,13.187,16.567,14.276,21.487,7.341,25.982,15.441,28.536,29.219,29.353,29.089
6/3/2018,9:36:40 PM,-0.056,-0.326,13.170,16.560,14.239,21.460,7.330,25.952,15.441,28.548,29.293,29.422,29.171
6/3/2018,9:53:20 PM,-0.044,-0.331,13.179,16.521,14.245,21.428,7.278,25.919,15.388,28.558,29.300,29.391,29.067
6/3/2018,10:10:00 PM,-0.044,-0.327,13.097,16.511,14.202,21.425,7.241,25.910,15.337,28.548,29.154,29.236,28.932
6/3/2018,10:26:40 PM,-0.050,-0.321,13.070,16.484,14.174,21.376,7.220,25.929,15.322,28.547,29.088,29.185,29.033
6/3/2018,10:43:20 PM,-0.046,-0.324,13.073,16.452,14.155,21.346,7.189,25.899,15.288,28.555,29.129,29.188,28.902
6/3/2018,11:00:00 PM,-0.054,-0.326,13.028,16.440,14.121,21.313,7.159,25.881,15.244,28.559,29.089,29.211,28.970
6/3/2018,11:16:40 PM,-0.039,-0.324,13.006,16.410,14.084,21.284,7.118,25.873,15.212,28.561,29.193,29.285,29.048
6/3/2018,11:33:20 PM,-0.040,-0.325,12.961,16.384,14.060,21.272,7.078,25.848,15.176,28.568,29.186,29.328,29.047
6/3/2018,11:50:00 PM,-0.040,-0.328,12.951,16.331,14.022,21.232,7.069,25.857,15.132,28.571,29.045,29.188,28.942
6/4/2018,12:06:40 AM,-0.043,-0.325,12.902,16.315,13.982,21.162,7.050,25.820,15.088,28.581,29.039,29.166,28.924
6/4/2018,12:23:20 AM,-0.054,-0.325,12.885,16.267,13.943,21.157,7.005,25.803,15.072,28.588,28.893,28.991,28.701
6/4/2018,12:40:00 AM,-0.043,-0.323,12.850,16.244,13.914,21.125,6.964,25.765,15.043,28.596,28.844,28.949,28.724
6/4/2018,12:56:40 AM,-0.039,-0.327,12.811,16.206,13.879,21.101,6.922,25.763,14.996,28.602,28.768,28.879,28.615
6/4/2018,1:13:20 AM,-0.041,-0.325,12.756,16.201,13.880,21.058,6.909,25.756,14.977,28.598,28.707,28.826,28.527
6/4/2018,1:30:00 AM,-0.042,-0.324,12.736,16.163,13.827,21.037,6.894,25.767,14.951,28.613,28.816,28.923,28.518
6/4/2018,1:46:40 AM,-0.052,-0.325,12.748,16.150,13.805,21.050,6.877,25.739,14.931,28.617,28.846,28.947,28.553
6/4/2018,2:03:20 AM,-0.055,-0.323,12.710,16.117,13.793,21.024,6.852,25.753,14.929,28.622,28.982,29.054,28.712
6/4/2018,2:20:00 AM,-0.038,-0.323,12.728,16.114,13.793,20.998,6.811,25.759,14.905,28.625,29.126,29.198,28.850
6/4/2018,2:36:40 AM,-0.048,-0.321,12.674,16.084,13.755,20.959,6.787,25.745,14.873,28.640,29.202,29.337,29.067
6/4/2018,2:53:20 AM,-0.051,-0.327,12.655,16.040,13.703,20.934,6.778,25.742,14.799,28.628,29.154,29.235,28.920
6/4/2018,3:10:00 AM,-0.044,-0.325,12.609,16.026,13.705,20.943,6.742,25.734,14.814,28.624,28.933,29.058,28.601
6/4/2018,3:26:40 AM,-0.038,-0.324,12.615,16.020,13.675,20.922,6.759,25.761,14.790,28.624,29.057,29.170,28.725
6/4/2018,3:43:20 AM,-0.048,-0.329,12.585,15.986,13.664,20.902,6.719,25.716,14.766,28.632,29.203,29.313,29.010
6/4/2018,4:00:00 AM,-0.048,-0.324,12.565,15.962,13.611,20.879,6.693,25.711,14.749,28.634,29.040,29.140,28.753
6/4/2018,4:16:40 AM,-0.046,-0.328,12.515,15.960,13.605,20.850,6.684,25.722,14.709,28.633,29.222,29.284,29.006
6/4/2018,4:33:20 AM,-0.044,-0.321,12.487,15.907,13.558,20.791,6.632,25.707,14.672,28.620,29.148,29.240,28.937
6/4/2018,4:50:00 AM,-0.053,-0.324,12.469,15.893,13.538,20.773,6.639,25.708,14.648,28.620,28.970,29.094,28.742
6/4/2018,5:06:40 AM,-0.037,-0.323,12.459,15.872,13.518,20.745,6.617,25.667,14.647,28.621,28.923,29.028,28.587
6/4/2018,5:23:20 AM,-0.042,-0.327,12.389,15.845,13.486,20.759,6.598,25.655,14.608,28.621,28.988,29.095,28.665
6/4/2018,5:40:00 AM,-0.052,-0.323,12.403,15.776,13.445,20.709,6.553,25.634,14.563,28.625,28.966,29.087,28.707
6/4/2018,5:56:40 AM,-0.050,-0.331,12.381,15.780,13.444,20.681,6.538,25.638,14.551,28.621,28.854,28.916,28.448
6/4/2018,6:13:20 AM,-0.052,-0.319,12.353,15.749,13.420,20.697,6.530,25.631,14.532,28.618,28.799,28.894,28.419
6/4/2018,6:30:00 AM,-0.045,-0.327,12.340,15.745,13.382,20.663,6.505,25.629,14.502,28.622,28.808,28.909,28.461
6/4/2018,6:46:40 AM,-0.057,-0.326,12.295,15.737,13.369,20.636,6.451,25.644,14.475,28.623,29.080,29.204,28.870
6/4/2018,7:03:20 AM,-0.051,-0.322,12.298,15.701,13.333,20.588,6.461,25.612,14.426,28.621,28.905,29.025,28.544
6/4/2018,7:20:00 AM,-0.044,-0.323,12.262,15.685,13.291,20.565,6.454,25.613,14.434,28.622,28.978,29.095,28.663
6/4/2018,7:36:40 AM,-0.045,-0.327,12.197,15.656,13.276,20.531,6.409,25.561,14.395,28.624,28.815,28.966,28.580
6/4/2018,7:53:20 AM,-0.052,-0.320,12.188,15.592,13.231,20.503,6.382,25.562,14.346,28.627,28.764,28.877,28.448
6/4/2018,8:10:00 AM,-0.051,-0.317,12.167,15.575,13.213,20.478,6.344,25.565,14.359,28.626,28.710,28.844,28.431
6/4/2018,8:26:40 AM,-0.045,-0.327,12.126,15.580,13.200,20.462,6.337,25.549,14.307,28.627,28.739,28.836,28.388
6/4/2018,8:43:20 AM,-0.050,-0.325,12.102,15.517,13.150,20.409,6.317,25.534,14.299,28.632,28.769,28.814,28.518
6/4/2018,9:00:00 AM,-0.042,-0.328,12.110,15.536,13.135,20.404,6.315,25.546,14.287,28.633,28.932,29.036,28.573
6/4/2018,9:16:40 AM,-0.052,-0.325,12.087,15.517,13.136,20.407,6.310,25.559,14.254,28.638,29.307,29.421,28.924
6/4/2018,9:33:20 AM,-0.053,-0.327,12.079,15.506,13.125,20.407,6.280,25.564,14.286,28.649,29.964,30.035,29.643
6/4/2018,9:50:00 AM,-0.046,-0.328,12.047,15.542,13.107,20.392,6.240,25.591,14.244,28.649,30.213,30.289,29.921
6/4/2018,10:06:40 AM,-0.052,-0.325,12.055,15.485,13.081,20.381,6.215,25.616,14.219,28.651,30.512,30.535,30.224
6/4/2018,10:23:20 AM,-0.043,-0.327,12.034,15.472,13.091,20.375,6.228,25.615,14.230,28.666,30.739,30.762,30.448
6/4/2018,10:40:00 AM,-0.046,-0.333,12.000,15.456,13.058,20.342,6.204,25.587,14.189,28.667,30.918,30.937,30.624
6/4/2018,10:56:40 AM,-0.046,-0.331,11.954,15.434,13.018,20.337,6.166,25.596,14.216,28.668,30.993,31.030,30.740
6/4/2018,11:13:20 AM,-0.056,-0.328,11.951,15.396,13.031,20.317,6.197,25.612,14.175,28.668,31.082,31.114,30.840
6/4/2018,11:30:00 AM,-0.044,-0.333,11.983,15.414,13.006,20.319,6.166,25.591,14.167,28.668,31.032,31.056,30.781
6/4/2018,11:46:40 AM,-0.053,-0.328,11.970,15.398,12.989,20.279,6.149,25.571,14.129,28.678,31.160,31.184,30.902
6/4/2018,12:03:20 PM,-0.051,-0.327,11.940,15.358,12.979,20.271,6.120,25.593,14.117,28.679,31.243,31.271,31.010
6/4/2018,12:20:00 PM,-0.060,-0.324,11.924,15.365,12.936,20.246,6.111,25.600,14.120,28.676,31.310,31.306,31.060
6/4/2018,12:36:40 PM,-0.049,-0.327,11.879,15.345,12.941,20.202,6.110,25.607,14.094,28.683,31.667,31.675,31.432
6/4/2018,12:53:20 PM,-0.044,-0.329,11.879,15.322,12.907,20.216,6.098,25.589,14.071,28.682,31.711,31.713,31.488
6/4/2018,1:10:00 PM,-0.048,-0.334,11.867,15.309,12.903,20.228,6.044,25.609,14.055,28.677,31.682,31.684,31.463
6/4/2018,1:26:40 PM,-0.059,-0.330,11.856,15.296,12.872,20.179,6.059,25.600,14.034,28.679,31.769,31.780,31.555
6/4/2018,1:43:20 PM,-0.048,-0.333,11.812,15.275,12.861,20.200,6.052,25.601,14.019,28.693,31.952,31.963,31.753
6/4/2018,2:00:00 PM,-0.052,-0.329,11.799,15.269,12.842,20.150,6.010,25.603,14.008,28.689,32.177,32.184,32.000
6/4/2018,2:16:40 PM,-0.048,-0.334,11.763,15.230,12.803,20.095,5.992,25.589,13.960,28.693,31.943,31.925,32.001
6/4/2018,2:33:20 PM,-0.046,-0.332,11.703,15.178,12.756,20.050,5.935,25.568,13.905,28.689,31.022,31.032,30.878
6/4/2018,2:50:00 PM,-0.041,-0.330,11.667,15.122,12.713,20.027,5.902,25.518,13.864,28.692,30.353,30.417,30.188
6/4/2018,3:06:40 PM,-0.049,-0.331,11.662,15.086,12.679,19.956,5.870,25.487,13.841,28.684,29.983,30.070,29.850
6/4/2018,3:23:20 PM,-0.057,-0.324,11.618,15.067,12.631,19.931,5.823,25.423,13.803,28.690,29.890,29.988,29.766
6/4/2018,3:40:00 PM,-0.044,-0.326,11.573,15.015,12.594,19.890,5.789,25.429,13.779,28.682,29.621,29.730,29.353
6/4/2018,3:56:40 PM,-0.049,-0.329,11.555,15.000,12.597,19.855,5.784,25.447,13.754,28.687,29.474,29.548,29.112
6/4/2018,4:13:20 PM,-0.043,-0.327,11.528,14.988,12.558,19.845,5.797,25.435,13.726,28.698,29.954,29.989,29.668
6/4/2018,4:30:00 PM,-0.055,-0.328,11.494,14.963,12.555,19.805,5.715,25.405,13.702,28.685,29.447,29.529,29.219
6/4/2018,4:46:40 PM,-0.043,-0.324,11.500,14.940,12.529,19.757,5.709,25.370,13.646,28.681,29.362,29.485,29.216
6/4/2018,5:03:20 PM,-0.038,-0.321,11.486,14.915,12.506,19.756,5.714,25.396,13.639,28.677,30.294,30.379,30.093
6/4/2018,5:20:00 PM,-0.048,-0.330,11.458,14.929,12.509,19.747,5.719,25.424,13.637,28.683,30.449,30.507,30.352
6/4/2018,5:36:40 PM,-0.048,-0.319,11.437,14.874,12.480,19.726,5.674,25.385,13.609,28.671,30.201,30.128,30.100
6/4/2018,5:53:20 PM,-0.042,-0.327,11.388,14.861,12.434,19.692,5.641,25.368,13.596,28.662,29.518,29.571,29.239
6/4/2018,6:10:00 PM,-0.049,-0.325,11.382,14.821,12.436,19.690,5.632,25.381,13.540,28.653,30.048,30.116,29.838
6/4/2018,6:26:40 PM,-0.054,-0.324,11.391,14.846,12.418,19.681,5.644,25.408,13.539,28.644,30.338,30.437,30.156
6/4/2018,6:43:20 PM,-0.042,-0.327,11.407,14.828,12.435,19.666,5.623,25.394,13.552,28.653,30.404,30.511,30.224
6/4/2018,7:00:00 PM,-0.055,-0.329,11.363,14.869,12.423,19.678,5.608,25.405,13.555,28.648,30.637,30.758,30.475
6/4/2018,7:16:40 PM,-0.052,-0.325,11.369,14.843,12.412,19.643,5.598,25.455,13.542,28.645,30.969,31.068,30.847
6/4/2018,7:33:20 PM,-0.040,-0.325,11.347,14.814,12.384,19.639,5.611,25.451,13.538,28.653,30.865,30.848,30.850
6/4/2018,7:50:00 PM,-0.047,-0.328,11.303,14.767,12.333,19.571,5.545,25.418,13.486,28.644,30.588,30.511,30.566
6/4/2018,8:06:40 PM,-0.055,-0.326,11.253,14.750,12.293,19.550,5.536,25.366,13.437,28.647,29.860,29.959,29.700
6/4/2018,8:23:20 PM,-0.043,-0.329,11.210,14.697,12.255,19.493,5.468,25.338,13.420,28.640,29.559,29.667,29.528
6/4/2018,8:40:00 PM,-0.053,-0.325,11.176,14.670,12.222,19.444,5.442,25.297,13.361,28.648,29.319,29.401,29.229
6/4/2018,8:56:40 PM,-0.046,-0.326,11.159,14.625,12.197,19.413,5.390,25.287,13.332,28.638,29.210,29.354,29.187
6/4/2018,9:13:20 PM,-0.048,-0.324,11.118,14.593,12.160,19.366,5.381,25.271,13.293,28.637,28.972,29.070,28.961
6/4/2018,9:30:00 PM,-0.049,-0.327,11.075,14.567,12.141,19.346,5.369,25.232,13.255,28.641,28.896,28.975,28.761
6/4/2018,9:46:40 PM,-0.046,-0.329,11.052,14.546,12.122,19.294,5.339,25.264,13.237,28.638,28.806,28.879,28.650
6/4/2018,10:03:20 PM,-0.043,-0.328,11.037,14.511,12.098,19.265,5.314,25.200,13.190,28.638,28.652,28.742,28.442
6/4/2018,10:20:00 PM,-0.052,-0.324,10.989,14.473,12.086,19.243,5.312,25.216,13.177,28.622,28.751,28.869,28.608
6/4/2018,10:36:40 PM,-0.051,-0.324,10.971,14.438,12.037,19.183,5.262,25.176,13.132,28.628,28.801,28.902,28.658
6/4/2018,10:53:20 PM,-0.039,-0.330,10.941,14.451,12.013,19.165,5.257,25.193,13.085,28.625,28.734,28.848,28.524
6/4/2018,11:10:00 PM,-0.051,-0.324,10.922,14.418,12.005,19.139,5.230,25.127,13.099,28.627,28.544,28.734,28.487
6/4/2018,11:26:40 PM,-0.044,-0.326,10.922,14.371,11.962,19.112,5.169,25.146,13.043,28.633,28.464,28.617,28.365
6/4/2018,11:43:20 PM,-0.054,-0.322,10.862,14.378,11.971,19.095,5.201,25.133,13.009,28.637,28.417,28.563,28.192
6/5/2018,12:00:00 AM,-0.039,-0.323,10.880,14.337,11.935,19.095,5.141,25.126,13.004,28.638,28.536,28.648,28.258
6/5/2018,12:16:40 AM,-0.049,-0.322,10.866,14.363,11.927,19.070,5.137,25.174,12.986,28.648,28.698,28.843,28.496
6/5/2018,12:33:20 AM,-0.047,-0.326,10.841,14.331,11.890,19.026,5.139,25.159,12.978,28.649,28.742,28.869,28.471
6/5/2018,12:50:00 AM,-0.044,-0.328,10.837,14.328,11.880,19.036,5.100,25.146,12.968,28.654,28.844,28.985,28.625
6/5/2018,1:06:40 AM,-0.047,-0.323,10.814,14.251,11.881,19.023,5.098,25.163,12.942,28.654,28.834,28.956,28.628
6/5/2018,1:23:20 AM,-0.051,-0.327,10.809,14.264,11.842,19.020,5.094,25.152,12.908,28.655,29.005,29.084,28.802
6/5/2018,1:40:00 AM,-0.045,-0.329,10.790,14.231,11.829,18.982,5.080,25.152,12.898,28.667,29.113,29.236,28.930
6/5/2018,1:56:40 AM,-0.056,-0.326,10.766,14.242,11.801,18.961,5.063,25.130,12.871,28.673,28.908,29.024,28.619
6/5/2018,2:13:20 AM,-0.039,-0.327,10.753,14.239,11.796,18.945,5.047,25.146,12.868,28.672,29.137,29.231,28.882
6/5/2018,2:30:00 AM,-0.041,-0.330,10.741,14.192,11.768,18.949,5.016,25.137,12.836,28.670,29.824,29.900,29.633
6/5/2018,2:46:40 AM,-0.051,-0.321,10.709,14.180,11.753,18.895,5.017,25.134,12.826,28.662,29.722,29.816,29.575
6/5/2018,3:03:20 AM,-0.056,-0.325,10.683,14.151,11.740,18.882,4.971,25.125,12.810,28.658,29.289,29.410,29.054
6/5/2018,3:20:00 AM,-0.048,-0.325,10.691,14.147,11.727,18.830,4.964,25.097,12.786,28.656,29.360,29.426,29.212
6/5/2018,3:36:40 AM,-0.056,-0.330,10.632,14.126,11.697,18.826,4.949,25.095,12.763,28.654,29.029,29.123,28.728
6/5/2018,3:53:20 AM,-0.051,-0.321,10.613,14.109,11.670,18.789,4.933,25.081,12.702,28.651,29.002,29.098,28.739
6/5/2018,4:10:00 AM,-0.037,-0.323,10.605,14.075,11.639,18.767,4.917,25.085,12.698,28.648,29.021,29.115,28.762
6/5/2018,4:26:40 AM,-0.055,-0.325,10.590,14.060,11.628,18.739,4.908,25.079,12.677,28.625,29.208,29.260,28.913
6/5/2018,4:43:20 AM,-0.053,-0.325,10.552,14.030,11.590,18.724,4.872,25.072,12.663,28.620,28.953,29.047,28.706
6/5/2018,5:00:00 AM,-0.051,-0.324,10.529,14.025,11.596,18.710,4.881,25.050,12.673,28.622,29.605,29.704,29.277
6/5/2018,5:16:40 AM,-0.051,-0.323,10.590,14.028,11.586,18.704,4.873,25.086,12.667,28.629,30.023,30.061,29.729
6/5/2018,5:33:20 AM,-0.058,-0.329,10.540,14.031,11.600,18.714,4.889,25.097,12.675,28.624,30.431,30.462,30.151
6/5/2018,5:50:00 AM,-0.040,-0.326,10.550,14.023,11.583,18.667,4.848,25.152,12.628,28.628,30.895,30.907,30.632
6/5/2018,6:06:40 AM,-0.055,-0.323,10.523,14.000,11.572,18.680,4.880,25.121,12.634,28.619,31.208,31.202,30.929
6/5/2018,6:23:20 AM,-0.051,-0.328,10.537,13.994,11.558,18.660,4.866,25.139,12.598,28.618,31.289,31.278,31.022
6/5/2018,6:40:00 AM,-0.057,-0.326,10.497,13.971,11.551,18.658,4.829,25.148,12.598,28.612,31.554,31.553,31.308
6/5/2018,6:56:40 AM,-0.055,-0.323,10.518,13.981,11.535,18.615,4.819,25.124,12.606,28.609,31.529,31.527,31.292
6/5/2018,7:13:20 AM,-0.058,-0.330,10.497,13.941,11.500,18.599,4.797,25.121,12.571,28.623,31.567,31.559,31.315
6/5/2018,7:30:00 AM,-0.055,-0.330,10.473,13.957,11.480,18.607,4.786,25.124,12.562,28.627,31.373,31.389,31.121
6/5/2018,7:46:40 AM,-0.056,-0.331,10.436,13.908,11.450,18.547,4.766,25.132,12.525,28.655,31.610,31.616,31.372
6/5/2018,8:03:20 AM,-0.047,-0.331,10.400,13.901,11.434,18.540,4.759,25.101,12.528,28.648,31.383,31.363,31.117
6/5/2018,8:20:00 AM,-0.043,-0.326,10.415,13.884,11.430,18.509,4.740,25.133,12.517,28.632,31.420,31.424,31.181
6/5/2018,8:36:40 AM,-0.060,-0.327,10.393,13.873,11.413,18.515,4.745,25.143,12.496,28.617,31.487,31.482,31.232
6/5/2018,8:53:20 AM,-0.052,-0.327,10.394,13.859,11.401,18.495,4.717,25.110,12.487,28.612,31.439,31.440,31.194
6/5/2018,9:10:00 AM,-0.049,-0.328,10.373,13.827,11.388,18.461,4.692,25.119,12.480,28.605,31.460,31.439,31.187
6/5/2018,9:26:40 AM,-0.051,-0.329,10.331,13.822,11.375,18.449,4.683,25.144,12.455,28.599,31.395,31.397,31.140
6/5/2018,9:43:20 AM,-0.055,-0.324,10.328,13.829,11.361,18.441,4.700,25.141,12.449,28.598,31.631,31.648,31.415
6/5/2018,10:00:00 AM,-0.050,-0.332,10.303,13.791,11.344,18.397,4.691,25.092,12.423,28.600,31.674,31.686,31.420
6/5/2018,10:16:40 AM,-0.056,-0.325,10.297,13.759,11.309,18.372,4.653,25.098,12.394,28.606,31.565,31.554,31.302
6/5/2018,10:33:20 AM,-0.059,-0.322,10.291,13.758,11.304,18.348,4.639,25.107,12.395,28.607,31.663,31.664,31.426
6/5/2018,10:50:00 AM,-0.045,-0.330,10.278,13.745,11.286,18.316,4.629,25.086,12.351,28.604,31.665,31.657,31.426
6/5/2018,11:06:40 AM,-0.050,-0.323,10.258,13.723,11.282,18.312,4.589,25.095,12.340,28.603,31.718,31.729,31.491
6/5/2018,11:23:20 AM,-0.042,-0.330,10.239,13.706,11.252,18.264,4.588,25.076,12.331,28.615,31.753,31.762,31.519
6/5/2018,11:40:00 AM,-0.051,-0.331,10.214,13.708,11.208,18.275,4.559,25.083,12.296,28.612,31.923,31.931,31.691
6/5/2018,11:56:40 AM,-0.046,-0.331,10.223,13.664,11.220,18.232,4.508,25.068,12.298,28.615,31.868,31.856,31.631
6/5/2018,12:13:20 PM,-0.051,-0.329,10.205,13.663,11.209,18.215,4.543,25.094,12.261,28.614,31.976,31.972,31.763
6/5/2018,12:30:00 PM,-0.055,-0.330,10.180,13.644,11.184,18.160,4.544,25.088,12.253,28.617,32.137,32.133,31.904
6/5/2018,12:46:40 PM,-0.058,-0.330,10.156,13.608,11.160,18.146,4.492,25.055,12.240,28.620,32.343,32.342,32.133
6/5/2018,1:03:20 PM,-0.053,-0.330,10.130,13.594,11.144,18.155,4.505,25.071,12.222,28.619,32.527,32.529,32.343
6/5/2018,1:20:00 PM,-0.057,-0.329,10.122,13.613,11.129,18.126,4.495,25.064,12.220,28.615,32.514,32.517,32.338
6/5/2018,1:36:40 PM,-0.046,-0.330,10.079,13.535,11.091,18.075,4.464,25.039,12.176,28.617,32.322,32.328,32.411
6/5/2018,1:53:20 PM,-0.054,-0.327,10.041,13.516,11.061,18.033,4.425,25.007,12.140,28.599,31.581,31.538,31.383
6/5/2018,2:10:00 PM,-0.049,-0.333,10.042,13.477,11.028,18.007,4.414,24.979,12.119,28.599,30.967,30.999,30.728
6/5/2018,2:26:40 PM,-0.056,-0.330,9.991,13.445,11.011,17.974,4.375,25.003,12.070,28.601,30.588,30.596,30.389
6/5/2018,2:43:20 PM,-0.054,-0.328,9.929,13.437,10.972,17.942,4.341,24.959,12.053,28.589,30.299,30.385,30.215
6/5/2018,3:00:00 PM,-0.046,-0.327,9.920,13.400,10.943,17.896,4.321,24.914,12.017,28.591,30.103,30.153,29.930
6/5/2018,3:16:40 PM,-0.045,-0.331,9.906,13.364,10.930,17.847,4.320,24.913,11.975,28.596,29.776,29.844,29.446
6/5/2018,3:33:20 PM,-0.053,-0.325,9.912,13.372,10.897,17.851,4.294,24.940,11.988,28.594,30.454,30.532,30.192
6/5/2018,3:50:00 PM,-0.053,-0.334,9.876,13.321,10.874,17.825,4.290,24.929,11.976,28.591,30.477,30.528,30.409
6/5/2018,4:06:40 PM,-0.054,-0.327,9.843,13.296,10.859,17.740,4.270,24.893,11.943,28.589,29.991,30.061,29.895
6/5/2018,4:23:20 PM,-0.058,-0.328,9.826,13.293,10.857,17.743,4.254,24.883,11.925,28.585,29.577,29.668,29.322
6/5/2018,4:40:00 PM,-0.046,-0.328,9.850,13.285,10.832,17.744,4.250,24.885,11.903,28.579,30.257,30.316,29.977
6/5/2018,4:56:40 PM,-0.052,-0.331,9.814,13.264,10.804,17.727,4.245,24.894,11.890,28.575,30.715,30.750,30.556
6/5/2018,5:13:20 PM,-0.055,-0.324,9.787,13.266,10.798,17.699,4.233,24.879,11.860,28.574,30.602,30.691,30.475
6/5/2018,5:30:00 PM,-0.043,-0.327,9.784,13.236,10.794,17.680,4.203,24.858,11.856,28.570,30.739,30.793,30.572
6/5/2018,5:46:40 PM,-0.051,-0.325,9.756,13.221,10.779,17.683,4.192,24.870,11.866,28.562,30.843,30.882,30.701
6/5/2018,6:03:20 PM,-0.051,-0.323,9.716,13.203,10.749,17.620,4.187,24.861,11.816,28.558,29.990,30.060,29.922
6/5/2018,6:20:00 PM,-0.043,-0.329,9.687,13.174,10.710,17.598,4.159,24.869,11.802,28.566,29.525,29.612,29.354
6/5/2018,6:36:40 PM,-0.053,-0.321,9.715,13.158,10.708,17.571,4.169,24.848,11.779,28.558,29.702,29.757,29.489
6/5/2018,6:53:20 PM,-0.042,-0.328,9.714,13.144,10.708,17.578,4.139,24.844,11.770,28.557,30.369,30.454,30.177
6/5/2018,7:10:00 PM,-0.047,-0.330,-0.125,0.390,-0.494,-0.136,0.029,-0.797,-0.435,28.553,30.475,30.598,30.329
6/5/2018,7:26:40 PM,-0.055,-0.323,-0.127,0.393,-0.491,-0.134,0.028,-0.801,-0.444,28.550,30.838,30.917,30.719
6/5/2018,7:43:20 PM,-0.049,-0.326,-0.132,0.392,-0.490,-0.131,0.029,-0.799,-0.441,28.543,30.884,30.940,30.766
6/5/2018,8:00:00 PM,-0.046,-0.330,-0.138,0.389,-0.490,-0.133,0.029,-0.798,-0.441,28.552,31.046,31.036,31.001
6/5/2018,8:16:40 PM,-0.052,-0.327,-0.130,0.393,-0.494,-0.135,0.032,-0.800,-0.441,28.536,30.538,30.547,30.348
6/5/2018,8:33:20 PM,-0.048,-0.332,-0.134,0.390,-0.491,-0.133,0.029,-0.797,-0.445,28.541,30.002,30.075,29.823
6/5/2018,8:50:00 PM,-0.057,-0.332,-0.126,0.393,-0.492,-0.135,0.029,-0.798,-0.442,28.540,30.516,30.589,30.337
6/5/2018,9:06:40 PM,-0.045,-0.327,-0.133,0.393,-0.494,-0.136,0.027,-0.800,-0.433,28.545,30.686,30.767,30.532
6/5/2018,9:23:20 PM,-0.053,-0.326,-0.129,0.393,-0.492,-0.132,0.030,-0.797,-0.442,28.547,30.697,30.781,30.495
6/5/2018,9:40:00 PM,-0.058,-0.330,-0.124,0.392,-0.492,-0.135,0.032,-0.795,-0.437,28.555,30.473,30.541,30.296
6/5/2018,9:56:40 PM,-0.059,-0.333,-0.128,0.391,-0.494,-0.138,0.029,-0.798,-0.441,28.553,30.715,30.766,30.528
6/5/2018,10:13:20 PM,-0.051,-0.327,-0.131,0.394,-0.493,-0.135,0.025,-0.799,-0.442,28.559,30.368,30.426,30.187
6/5/2018,10:30:00 PM,-0.043,-0.324,-0.133,0.392,-0.489,-0.135,0.027,-0.798,-0.440,28.569,29.877,29.939,29.721
6/5/2018,10:46:40 PM,-0.055,-0.327,-0.125,0.389,-0.490,-0.135,0.026,-0.801,-0.440,28.581,29.688,29.735,29.539
6/5/2018,11:03:20 PM,-0.047,-0.327,-0.126,0.391,-0.493,-0.136,0.030,-0.798,-0.442,28.588,30.092,30.164,29.978
6/5/2018,11:20:00 PM,-0.048,-0.327,-0.126,0.389,-0.491,-0.130,0.030,-0.795,-0.442,28.594,29.695,29.772,29.422
6/5/2018,11:36:40 PM,-0.051,-0.323,-0.128,0.391,-0.495,-0.135,0.031,-0.800,-0.442,28.599,29.529,29.622,29.235
6/5/2018,11:53:20 PM,-0.050,-0.326,-0.128,0.390,-0.491,-0.135,0.029,-0.796,-0.439,28.601,29.930,29.995,29.682
6/6/2018,12:10:00 AM,-0.056,-0.327,-0.131,0.392,-0.493,-0.132,0.031,-0.796,-0.441,28.605,30.453,30.523,30.388
6/6/2018,12:26:40 AM,-0.050,-0.332,-0.130,0.392,-0.489,-0.133,0.031,-0.801,-0.438,28.610,30.065,30.148,29.948
6/6/2018,12:43:20 AM,-0.044,-0.329,-0.134,0.392,-0.490,-0.133,0.029,-0.797,-0.439,28.617,29.636,29.712,29.394
6/6/2018,1:00:00 AM,-0.046,-0.333,-0.131,0.390,-0.488,-0.137,0.029,-0.801,-0.439,28.624,29.591,29.688,29.332
6/6/2018,1:16:40 AM,-0.041,-0.327,-0.133,0.389,-0.490,-0.130,0.032,-0.799,-0.444,28.632,29.635,29.723,29.429
6/6/2018,1:33:20 AM,-0.055,-0.327,-0.121,0.387,-0.491,-0.135,0.026,-0.797,-0.443,28.629,29.457,29.531,29.177
6/6/2018,1:50:00 AM,-0.049,-0.331,-0.130,0.387,-0.493,-0.136,0.024,-0.799,-0.442,28.636,29.353,29.414,29.067
6/6/2018,2:06:40 AM,-0.041,-0.330,-0.135,0.393,-0.491,-0.134,0.030,-0.800,-0.438,28.659,29.468,29.558,29.218
6/6/2018,2:23:20 AM,-0.051,-0.322,-0.129,0.393,-0.490,-0.134,0.032,-0.795,-0.438,28.651,29.701,29.790,29.525
6/6/2018,2:40:00 AM,-0.046,-0.327,-0.132,0.392,-0.488,-0.130,0.030,-0.797,-0.442,28.655,29.492,29.571,29.147
6/6/2018,2:56:40 AM,-0.044,-0.329,-0.133,0.395,-0.490,-0.132,0.029,-0.798,-0.442,28.660,30.011,30.095,29.695
6/6/2018,3:13:20 AM,-0.043,-0.329,-0.130,0.390,-0.490,-0.131,0.031,-0.796,-0.444,28.672,30.632,30.676,30.319
6/6/2018,3:30:00 AM,-0.049,-0.326,-0.131,0.390,-0.492,-0.133,0.023,-0.797,-0.440,28.679,31.146,31.173,30.848
6/6/2018,3:46:40 AM,-0.049,-0.328,-0.132,0.390,-0.492,-0.134,0.026,-0.798,-0.438,28.677,31.419,31.417,31.137
6/6/2018,4:03:20 AM,-0.054,-0.325,-0.128,0.392,-0.491,-0.132,0.028,-0.799,-0.437,28.687,31.476,31.509,31.206
6/6/2018,4:20:00 AM,-0.045,-0.326,-0.127,0.392,-0.490,-0.131,0.031,-0.796,-0.437,28.682,31.474,31.480,31.172
6/6/2018,4:36:40 AM,-0.056,-0.328,-0.131,0.389,-0.496,-0.133,0.031,-0.797,-0.441,28.677,31.376,31.404,31.102
6/6/2018,4:53:20 AM,-0.048,-0.332,-0.132,0.392,-0.491,-0.135,0.028,-0.795,-0.436,28.675,31.213,31.226,30.944
6/6/2018,5:10:00 AM,-0.049,-0.330,-0.126,0.389,-0.493,-0.137,0.030,-0.798,-0.439,28.678,31.089,31.104,30.818
6/6/2018,5:26:40 AM,-0.049,-0.328,-0.135,0.386,-0.492,-0.135,0.027,-0.797,-0.437,28.673,30.945,30.959,30.663
6/6/2018,5:43:20 AM,-0.047,-0.328,-0.135,0.390,-0.492,-0.133,0.030,-0.797,-0.438,28.671,30.918,30.947,30.637
6/6/2018,6:00:00 AM,-0.058,-0.329,-0.131,0.391,-0.496,-0.135,0.024,-0.796,-0.436,28.669,30.866,30.886,30.586
6/6/2018,6:16:40 AM,-0.055,-0.328,-0.129,0.388,-0.494,-0.132,0.028,-0.796,-0.437,28.673,30.866,30.890,30.572
6/6/2018,6:33:20 AM,-0.045,-0.327,-0.135,0.391,-0.490,-0.136,0.026,-0.802,-0.439,28.671,30.880,30.900,30.573
6/6/2018,6:50:00 AM,-0.049,-0.333,-0.137,0.384,-0.491,-0.133,0.027,-0.796,-0.440,28.672,30.970,31.003,30.673
6/6/2018,7:06:40 AM,-0.054,-0.331,-0.131,0.391,-0.493,-0.131,0.034,-0.797,-0.437,28.666,30.917,30.933,30.563
6/6/2018,7:23:20 AM,-0.046,-0.327,-0.136,0.392,-0.491,-0.139,0.027,-0.797,-0.440,28.668,30.904,30.936,30.626
6/6/2018,7:40:00 AM,-0.040,-0.329,-0.130,0.390,-0.490,-0.133,0.030,-0.797,-0.440,28.675,30.881,30.898,30.553
6/6/2018,7:56:40 AM,-0.044,-0.325,-0.134,0.391,-0.488,-0.134,0.030,-0.796,-0.439,28.676,30.900,30.918,30.613
6/6/2018,8:13:20 AM,-0.057,-0.327,-0.125,0.392,-0.489,-0.132,0.029,-0.799,-0.436,28.679,30.814,30.832,30.514
6/6/2018,8:30:00 AM,-0.057,-0.331,-0.127,0.392,-0.489,-0.134,0.030,-0.800,-0.442,28.684,30.858,30.861,30.552
6/6/2018,8:46:40 AM,-0.047,-0.328,-0.127,0.394,-0.488,-0.128,0.031,-0.798,-0.439,28.690,30.750,30.758,30.424
6/6/2018,9:03:20 AM,-0.056,-0.327,-0.127,0.390,-0.488,-0.134,0.027,-0.798,-0.436,28.694,30.759,30.764,30.458
6/6/2018,9:20:00 AM,-0.046,-0.323,-0.128,0.387,-0.491,-0.135,0.028,-0.793,-0.440,28.699,30.780,30.776,30.495
6/6/2018,9:36:40 AM,-0.046,-0.326,-0.136,0.392,-0.489,-0.134,0.031,-0.795,-0.444,28.703,30.805,30.822,30.545
6/6/2018,9:53:20 AM,-0.051,-0.329,-0.128,0.391,-0.490,-0.137,0.025,-0.799,-0.439,28.706,30.755,30.747,30.443
6/6/2018,10:10:00 AM,-0.047,-0.324,-0.135,0.389,-0.494,-0.132,0.030,-0.796,-0.442,28.713,30.741,30.735,30.460
6/6/2018,10:26:40 AM,-0.049,-0.323,-0.126,0.388,-0.491,-0.134,0.030,-0.796,-0.438,28.718,30.897,30.900,30.616
6/6/2018,10:43:20 AM,-0.040,-0.327,-0.130,0.393,-0.491,-0.135,0.032,-0.791,-0.439,28.719,30.924,30.916,30.663
6/6/2018,11:00:00 AM,-0.041,-0.325,-0.131,0.389,-0.487,-0.132,0.032,-0.794,-0.440,28.719,30.982,30.986,30.735
6/6/2018,11:16:40 AM,-0.057,-0.325,-0.129,0.393,-0.487,-0.128,0.033,-0.794,-0.436,28.716,30.944,30.956,30.690
6/6/2018,11:33:20 AM,-0.044,-0.327,-0.134,0.390,-0.490,-0.135,0.027,-0.791,-0.430,28.716,31.203,31.201,30.940
6/6/2018,11:50:00 AM,-0.049,-0.327,-0.131,0.393,-0.492,-0.132,0.031,-0.791,-0.433,28.718,31.176,31.172,30.918
6/6/2018,12:06:40 PM,-0.046,-0.324,-0.133,0.388,-0.492,-0.135,0.027,-0.794,-0.436,28.721,31.455,31.466,31.224
6/6/2018,12:23:20 PM,-0.043,-0.328,-0.131,0.390,-0.491,-0.133,0.028,-0.795,-0.431,28.741,31.714,31.703,31.458
6/6/2018,12:40:00 PM,-0.045,-0.330,-0.128,0.393,-0.488,-0.136,0.029,-0.796,-0.432,28.751,31.920,31.901,31.668
6/6/2018,12:56:40 PM,-0.052,-0.324,-0.128,0.390,-0.489,-0.133,0.028,-0.795,-0.434,28.764,32.229,32.215,31.998
6/6/2018,1:13:20 PM,-0.046,-0.323,-0.126,0.395,-0.494,-0.134,0.028,-0.794,-0.440,28.773,32.073,32.067,31.996
6/6/2018,1:30:00 PM,-0.048,-0.328,-0.127,0.394,-0.496,-0.135,0.028,-0.791,-0.435,28.774,31.631,31.636,31.630
6/6/2018,1:46:40 PM,-0.040,-0.329,-0.133,0.388,-0.488,-0.133,0.028,-0.796,-0.445,28.781,30.897,30.907,30.692
6/6/2018,2:03:20 PM,-0.051,-0.322,-0.135,0.390,-0.491,-0.135,0.027,-0.793,-0.438,28.778,30.652,30.745,30.653
6/6/2018,2:20:00 PM,-0.045,-0.321,-0.125,0.392,-0.488,-0.131,0.028,-0.799,-0.439,28.775,30.189,30.280,30.208
6/6/2018,2:36:40 PM,-0.043,-0.325,-0.130,0.391,-0.487,-0.131,0.033,-0.797,-0.438,28.782,29.777,29.878,29.579
6/6/2018,2:53:20 PM,-0.053,-0.324,-0.130,0.393,-0.491,-0.133,0.029,-0.795,-0.439,28.766,29.315,29.417,29.010
